,K01,K02,K03,K04,K05,K06,K07,K08,K09,K10,K11,K12,K13,K14,K15,K16,K17,K18,K19,K20,K21,K22,K23,K24,K25,K26,K27,K28,K29,K30,K31,K32,K33,K34,K35,K36,K37,K38,K39,K40,K41,K42,K43,K44,K45,K46,K47,K48,K49,K50,K51,K52,K53,K54,M01,M02,M03,M04,M05,M06,M07,M08,M09,M10,M11,M12,M13,M14,M15,M16,M17,M18,M19,M20,M21,M22,M23,M24,M25,M26,M27,M28,M29,M30,M31,M32,M33,M34,M35,M36
K01,NA,NA,NA,NA,NA,NA,NA,NA,NA,NA,NA,NA,NA,NA,NA,NA,NA,NA,NA,NA,NA,NA,NA,NA,NA,NA,NA,NA,NA,NA,NA,NA,NA,NA,NA,NA,NA,NA,NA,NA,NA,NA,NA,NA,NA,NA,NA,NA,NA,NA,NA,NA,NA,NA,NA,NA,NA,NA,NA,NA,NA,NA,NA,NA,NA,NA,NA,NA,NA,NA,NA,NA,NA,NA,NA,NA,NA,NA,NA,NA,NA,NA,NA,NA,NA,NA,NA,NA,NA,NA
K02,-9.405235435586,NA,NA,NA,NA,NA,NA,NA,NA,NA,NA,NA,NA,NA,NA,NA,NA,NA,NA,NA,NA,NA,NA,NA,NA,NA,NA,NA,NA,NA,NA,NA,NA,NA,NA,NA,NA,NA,NA,NA,NA,NA,NA,NA,NA,NA,NA,NA,NA,NA,NA,NA,NA,NA,NA,NA,NA,NA,NA,NA,NA,NA,NA,NA,NA,NA,NA,NA,NA,NA,NA,NA,NA,NA,NA,NA,NA,NA,NA,NA,NA,NA,NA,NA,NA,NA,NA,NA,NA,NA
K03,-8.9089580449375,-10.497129555649,NA,NA,NA,NA,NA,NA,NA,NA,NA,NA,NA,NA,NA,NA,NA,NA,NA,NA,NA,NA,NA,NA,NA,NA,NA,NA,NA,NA,NA,NA,NA,NA,NA,NA,NA,NA,NA,NA,NA,NA,NA,NA,NA,NA,NA,NA,NA,NA,NA,NA,NA,NA,NA,NA,NA,NA,NA,NA,NA,NA,NA,NA,NA,NA,NA,NA,NA,NA,NA,NA,NA,NA,NA,NA,NA,NA,NA,NA,NA,NA,NA,NA,NA,NA,NA,NA,NA,NA
K04,-11.2379912758993,-10.96477606457,-11.4340829597963,NA,NA,NA,NA,NA,NA,NA,NA,NA,NA,NA,NA,NA,NA,NA,NA,NA,NA,NA,NA,NA,NA,NA,NA,NA,NA,NA,NA,NA,NA,NA,NA,NA,NA,NA,NA,NA,NA,NA,NA,NA,NA,NA,NA,NA,NA,NA,NA,NA,NA,NA,NA,NA,NA,NA,NA,NA,NA,NA,NA,NA,NA,NA,NA,NA,NA,NA,NA,NA,NA,NA,NA,NA,NA,NA,NA,NA,NA,NA,NA,NA,NA,NA,NA,NA,NA,NA
K05,-10.0572649189225,-10.2384020273277,-10.0146268997727,-10.0539863630252,NA,NA,NA,NA,NA,NA,NA,NA,NA,NA,NA,NA,NA,NA,NA,NA,NA,NA,NA,NA,NA,NA,NA,NA,NA,NA,NA,NA,NA,NA,NA,NA,NA,NA,NA,NA,NA,NA,NA,NA,NA,NA,NA,NA,NA,NA,NA,NA,NA,NA,NA,NA,NA,NA,NA,NA,NA,NA,NA,NA,NA,NA,NA,NA,NA,NA,NA,NA,NA,NA,NA,NA,NA,NA,NA,NA,NA,NA,NA,NA,NA,NA,NA,NA,NA,NA
K06,-10.2365471832144,-10.2565572404369,-9.21175662014045,-9.72809435944375,-9.67629722960354,NA,NA,NA,NA,NA,NA,NA,NA,NA,NA,NA,NA,NA,NA,NA,NA,NA,NA,NA,NA,NA,NA,NA,NA,NA,NA,NA,NA,NA,NA,NA,NA,NA,NA,NA,NA,NA,NA,NA,NA,NA,NA,NA,NA,NA,NA,NA,NA,NA,NA,NA,NA,NA,NA,NA,NA,NA,NA,NA,NA,NA,NA,NA,NA,NA,NA,NA,NA,NA,NA,NA,NA,NA,NA,NA,NA,NA,NA,NA,NA,NA,NA,NA,NA,NA
K07,-9.28954289470137,-9.45846217864473,-9.65719062360227,-9.99615336367275,-8.98180391999137,-8.92484532596275,NA,NA,NA,NA,NA,NA,NA,NA,NA,NA,NA,NA,NA,NA,NA,NA,NA,NA,NA,NA,NA,NA,NA,NA,NA,NA,NA,NA,NA,NA,NA,NA,NA,NA,NA,NA,NA,NA,NA,NA,NA,NA,NA,NA,NA,NA,NA,NA,NA,NA,NA,NA,NA,NA,NA,NA,NA,NA,NA,NA,NA,NA,NA,NA,NA,NA,NA,NA,NA,NA,NA,NA,NA,NA,NA,NA,NA,NA,NA,NA,NA,NA,NA,NA
K08,-9.2865910438444,-10.3596655282897,-9.70536654577293,-10.1282552757424,-10.0922909557885,-9.69051490956099,-8.13107144670938,NA,NA,NA,NA,NA,NA,NA,NA,NA,NA,NA,NA,NA,NA,NA,NA,NA,NA,NA,NA,NA,NA,NA,NA,NA,NA,NA,NA,NA,NA,NA,NA,NA,NA,NA,NA,NA,NA,NA,NA,NA,NA,NA,NA,NA,NA,NA,NA,NA,NA,NA,NA,NA,NA,NA,NA,NA,NA,NA,NA,NA,NA,NA,NA,NA,NA,NA,NA,NA,NA,NA,NA,NA,NA,NA,NA,NA,NA,NA,NA,NA,NA,NA
K09,-10.5842213635892,-10.6184356533721,-11.1453449730333,-12.1082317902824,-9.99023158026342,-9.36284479010448,-10.2162971777558,-9.93044399171433,NA,NA,NA,NA,NA,NA,NA,NA,NA,NA,NA,NA,NA,NA,NA,NA,NA,NA,NA,NA,NA,NA,NA,NA,NA,NA,NA,NA,NA,NA,NA,NA,NA,NA,NA,NA,NA,NA,NA,NA,NA,NA,NA,NA,NA,NA,NA,NA,NA,NA,NA,NA,NA,NA,NA,NA,NA,NA,NA,NA,NA,NA,NA,NA,NA,NA,NA,NA,NA,NA,NA,NA,NA,NA,NA,NA,NA,NA,NA,NA,NA,NA
K10,-9.29628765486707,-10.0562085997491,-9.74554786941252,-10.2574890062565,-10.1709249001526,-8.98120485994347,-8.54075844719399,-8.48028165494452,-10.4204118484227,NA,NA,NA,NA,NA,NA,NA,NA,NA,NA,NA,NA,NA,NA,NA,NA,NA,NA,NA,NA,NA,NA,NA,NA,NA,NA,NA,NA,NA,NA,NA,NA,NA,NA,NA,NA,NA,NA,NA,NA,NA,NA,NA,NA,NA,NA,NA,NA,NA,NA,NA,NA,NA,NA,NA,NA,NA,NA,NA,NA,NA,NA,NA,NA,NA,NA,NA,NA,NA,NA,NA,NA,NA,NA,NA,NA,NA,NA,NA,NA,NA
K11,-9.52161143885688,-9.99041172548084,-9.18816479697115,-10.0801244136327,-9.42567128230388,-8.24912860549783,-7.64747430478556,-8.09803915889157,-9.19487692597163,-9.19743806476288,NA,NA,NA,NA,NA,NA,NA,NA,NA,NA,NA,NA,NA,NA,NA,NA,NA,NA,NA,NA,NA,NA,NA,NA,NA,NA,NA,NA,NA,NA,NA,NA,NA,NA,NA,NA,NA,NA,NA,NA,NA,NA,NA,NA,NA,NA,NA,NA,NA,NA,NA,NA,NA,NA,NA,NA,NA,NA,NA,NA,NA,NA,NA,NA,NA,NA,NA,NA,NA,NA,NA,NA,NA,NA,NA,NA,NA,NA,NA,NA
K12,-9.25045498702579,-8.73052851608113,-8.74387264714473,-9.73596455620664,-9.59996175538492,-8.11627216564661,-7.62372182462137,-7.94112820846842,-9.37091474872737,-8.52266408924424,-9.49993538300015,NA,NA,NA,NA,NA,NA,NA,NA,NA,NA,NA,NA,NA,NA,NA,NA,NA,NA,NA,NA,NA,NA,NA,NA,NA,NA,NA,NA,NA,NA,NA,NA,NA,NA,NA,NA,NA,NA,NA,NA,NA,NA,NA,NA,NA,NA,NA,NA,NA,NA,NA,NA,NA,NA,NA,NA,NA,NA,NA,NA,NA,NA,NA,NA,NA,NA,NA,NA,NA,NA,NA,NA,NA,NA,NA,NA,NA,NA,NA
K13,-7.97464051271069,-9.45416245438864,-8.06052023424649,-10.3707868164345,-9.43201208975249,-7.40566524693186,-7.62052728543916,-7.47887680587969,-9.26895439055007,-8.9433690090476,-8.82345825348769,-8.30490312520987,NA,NA,NA,NA,NA,NA,NA,NA,NA,NA,NA,NA,NA,NA,NA,NA,NA,NA,NA,NA,NA,NA,NA,NA,NA,NA,NA,NA,NA,NA,NA,NA,NA,NA,NA,NA,NA,NA,NA,NA,NA,NA,NA,NA,NA,NA,NA,NA,NA,NA,NA,NA,NA,NA,NA,NA,NA,NA,NA,NA,NA,NA,NA,NA,NA,NA,NA,NA,NA,NA,NA,NA,NA,NA,NA,NA,NA,NA
K14,-8.63052034074898,-9.11586386034928,-8.34017838505814,-9.6024308475513,-9.0664888809723,-7.78891223254314,-7.67220670832153,-7.67974901523863,-8.8797858032477,-9.11404371648294,-10.1332502554121,-8.59764851739162,-7.35406991855074,NA,NA,NA,NA,NA,NA,NA,NA,NA,NA,NA,NA,NA,NA,NA,NA,NA,NA,NA,NA,NA,NA,NA,NA,NA,NA,NA,NA,NA,NA,NA,NA,NA,NA,NA,NA,NA,NA,NA,NA,NA,NA,NA,NA,NA,NA,NA,NA,NA,NA,NA,NA,NA,NA,NA,NA,NA,NA,NA,NA,NA,NA,NA,NA,NA,NA,NA,NA,NA,NA,NA,NA,NA,NA,NA,NA,NA
K15,-8.31109110995032,-10.0202452111035,-8.89585373216091,-9.95495425436782,-9.63415100456048,-8.15992385660207,-7.92650918898131,-7.88650099472787,-10.1288555438104,-10.8079118696989,-10.8183754935474,-9.54300840345563,-9.67191439990397,-10.3125998139568,NA,NA,NA,NA,NA,NA,NA,NA,NA,NA,NA,NA,NA,NA,NA,NA,NA,NA,NA,NA,NA,NA,NA,NA,NA,NA,NA,NA,NA,NA,NA,NA,NA,NA,NA,NA,NA,NA,NA,NA,NA,NA,NA,NA,NA,NA,NA,NA,NA,NA,NA,NA,NA,NA,NA,NA,NA,NA,NA,NA,NA,NA,NA,NA,NA,NA,NA,NA,NA,NA,NA,NA,NA,NA,NA,NA
K16,-8.76252683273242,-10.0859552908606,-9.2759066454525,-10.1119454352677,-10.3544585174755,-9.01198389999464,-8.29122031021385,-8.97111343350747,-9.55189958878078,-9.9790581300509,-11.0720134427719,-9.79245216463684,-8.44788172892515,-9.45798900642145,-9.53543182236154,NA,NA,NA,NA,NA,NA,NA,NA,NA,NA,NA,NA,NA,NA,NA,NA,NA,NA,NA,NA,NA,NA,NA,NA,NA,NA,NA,NA,NA,NA,NA,NA,NA,NA,NA,NA,NA,NA,NA,NA,NA,NA,NA,NA,NA,NA,NA,NA,NA,NA,NA,NA,NA,NA,NA,NA,NA,NA,NA,NA,NA,NA,NA,NA,NA,NA,NA,NA,NA,NA,NA,NA,NA,NA,NA
K17,-8.69492265126239,-9.10669551062096,-8.5469706767387,-10.1172953229453,-10.1984640765665,-7.96949454104187,-7.60837802883515,-8.28727757676929,-8.89859622356988,-8.70508790186245,-9.91294932638143,-8.68668605343745,-7.44366176130736,-8.09831896964571,-8.66867739070224,-9.27457954185155,NA,NA,NA,NA,NA,NA,NA,NA,NA,NA,NA,NA,NA,NA,NA,NA,NA,NA,NA,NA,NA,NA,NA,NA,NA,NA,NA,NA,NA,NA,NA,NA,NA,NA,NA,NA,NA,NA,NA,NA,NA,NA,NA,NA,NA,NA,NA,NA,NA,NA,NA,NA,NA,NA,NA,NA,NA,NA,NA,NA,NA,NA,NA,NA,NA,NA,NA,NA,NA,NA,NA,NA,NA,NA
K18,-9.10005363673556,-10.2213359077856,-9.16861748851883,-10.9167646649772,-10.0002211160519,-8.47958890918382,-8.18581177070783,-8.57705153466713,-9.63729342276883,-9.65660375272915,-9.87454557628059,-9.75325244677268,-8.9115791384219,-9.45941467969381,-9.96359172127238,-9.61632623606348,-8.7816697455862,NA,NA,NA,NA,NA,NA,NA,NA,NA,NA,NA,NA,NA,NA,NA,NA,NA,NA,NA,NA,NA,NA,NA,NA,NA,NA,NA,NA,NA,NA,NA,NA,NA,NA,NA,NA,NA,NA,NA,NA,NA,NA,NA,NA,NA,NA,NA,NA,NA,NA,NA,NA,NA,NA,NA,NA,NA,NA,NA,NA,NA,NA,NA,NA,NA,NA,NA,NA,NA,NA,NA,NA,NA
K19,-9.82320544568593,-11.1075737098748,-9.15132104615109,-7.00401452358259,-7.96096348237179,-7.20073346307432,-6.38481706547848,-9.29798798165528,-6.46546833565493,-7.89232233700114,-9.34340913682986,-8.21388542888523,-9.69429957763523,-10.0350421791872,-10.2172661785534,-11.0061427688354,-10.2287652025327,-9.25983743429657,NA,NA,NA,NA,NA,NA,NA,NA,NA,NA,NA,NA,NA,NA,NA,NA,NA,NA,NA,NA,NA,NA,NA,NA,NA,NA,NA,NA,NA,NA,NA,NA,NA,NA,NA,NA,NA,NA,NA,NA,NA,NA,NA,NA,NA,NA,NA,NA,NA,NA,NA,NA,NA,NA,NA,NA,NA,NA,NA,NA,NA,NA,NA,NA,NA,NA,NA,NA,NA,NA,NA,NA
K20,-9.29557307875916,-9.01205407267287,-8.62757200015782,-7.10153071610755,-7.20313216865212,-7.16644323935206,-6.19596975656214,-8.78440316161026,-6.12367425048708,-7.52073713337533,-8.51232329400347,-7.85938442404098,-7.77030126851209,-8.57629356818396,-8.71022190224882,-8.71722327955615,-8.87605173512588,-8.39176791030512,-9.33057541190093,NA,NA,NA,NA,NA,NA,NA,NA,NA,NA,NA,NA,NA,NA,NA,NA,NA,NA,NA,NA,NA,NA,NA,NA,NA,NA,NA,NA,NA,NA,NA,NA,NA,NA,NA,NA,NA,NA,NA,NA,NA,NA,NA,NA,NA,NA,NA,NA,NA,NA,NA,NA,NA,NA,NA,NA,NA,NA,NA,NA,NA,NA,NA,NA,NA,NA,NA,NA,NA,NA,NA
K21,-9.31880830760576,-9.55901069017223,-8.60835198699924,-6.89525891040889,-7.67836315718096,-6.83189456274603,-6.11601004571084,-8.60255845044201,-6.29490297454084,-7.22466382249131,-8.70258225955353,-8.2465361063389,-8.83678019911462,-9.69218268987611,-8.56299553715416,-9.62841646675522,-10.4026267996449,-9.04596191428285,-8.98817904472469,-9.12292077295132,NA,NA,NA,NA,NA,NA,NA,NA,NA,NA,NA,NA,NA,NA,NA,NA,NA,NA,NA,NA,NA,NA,NA,NA,NA,NA,NA,NA,NA,NA,NA,NA,NA,NA,NA,NA,NA,NA,NA,NA,NA,NA,NA,NA,NA,NA,NA,NA,NA,NA,NA,NA,NA,NA,NA,NA,NA,NA,NA,NA,NA,NA,NA,NA,NA,NA,NA,NA,NA,NA
K22,-8.48098674670239,-9.28573121022726,-7.95604032755045,-6.05873923939125,-6.32694371954113,-5.70431167378031,-5.01172732731409,-7.07120124418053,-5.82037856214723,-7.56834663382611,-9.70682930243465,-8.72549845854051,-9.45005524243797,-10.0749474031436,-10.1475483666269,-9.84894393127847,-10.1734766109099,-9.44258559489564,-9.75910153212879,-7.75222183167002,-9.60259804050234,NA,NA,NA,NA,NA,NA,NA,NA,NA,NA,NA,NA,NA,NA,NA,NA,NA,NA,NA,NA,NA,NA,NA,NA,NA,NA,NA,NA,NA,NA,NA,NA,NA,NA,NA,NA,NA,NA,NA,NA,NA,NA,NA,NA,NA,NA,NA,NA,NA,NA,NA,NA,NA,NA,NA,NA,NA,NA,NA,NA,NA,NA,NA,NA,NA,NA,NA,NA,NA
K23,-9.71366547744077,-9.94724398327309,-8.90994089572336,-6.35054846707048,-6.48444467605205,-5.52535512340969,-5.15520580505104,-6.90001048854466,-5.83651268277065,-8.05381335921922,-10.1642631421644,-8.70170187691775,-10.8006644898043,-10.8558253519082,-11.0626747800477,-10.756334606432,-10.5303227765997,-9.71961658161013,-9.66940992118286,-7.83972561614077,-10.1201052998529,-10.2909337929125,NA,NA,NA,NA,NA,NA,NA,NA,NA,NA,NA,NA,NA,NA,NA,NA,NA,NA,NA,NA,NA,NA,NA,NA,NA,NA,NA,NA,NA,NA,NA,NA,NA,NA,NA,NA,NA,NA,NA,NA,NA,NA,NA,NA,NA,NA,NA,NA,NA,NA,NA,NA,NA,NA,NA,NA,NA,NA,NA,NA,NA,NA,NA,NA,NA,NA,NA,NA
K24,-8.31002235489817,-8.46445588943731,-7.81142727520915,-5.21264732301524,-6.24580670933789,-5.88195262236563,-4.97493530117198,-7.60432666046582,-5.22362747596228,-5.99990996398249,-7.49862131386679,-6.76944835076866,-7.07010494556402,-7.45397234468588,-6.8851811521427,-8.27971188312432,-8.57028527192249,-7.08954817280613,-8.85995284055192,-8.928075787252,-8.43942540100566,-8.88537853520307,-10.2131936162424,NA,NA,NA,NA,NA,NA,NA,NA,NA,NA,NA,NA,NA,NA,NA,NA,NA,NA,NA,NA,NA,NA,NA,NA,NA,NA,NA,NA,NA,NA,NA,NA,NA,NA,NA,NA,NA,NA,NA,NA,NA,NA,NA,NA,NA,NA,NA,NA,NA,NA,NA,NA,NA,NA,NA,NA,NA,NA,NA,NA,NA,NA,NA,NA,NA,NA,NA
K25,-8.69053321900217,-8.93794159071951,-7.9213462763945,-6.57764586016094,-6.58232888747788,-6.09863595622817,-5.17042970907081,-7.42285863989837,-6.04709169346638,-7.14995390643143,-9.31814487045178,-7.94155903680195,-9.99098958364753,-9.29914372748311,-9.95344105945646,-9.2917532550616,-9.53433965801457,-9.04127782620024,-9.14961507866939,-7.71662421547899,-8.26197575683422,-9.9788528669592,-10.8913951495333,-8.59075426365593,NA,NA,NA,NA,NA,NA,NA,NA,NA,NA,NA,NA,NA,NA,NA,NA,NA,NA,NA,NA,NA,NA,NA,NA,NA,NA,NA,NA,NA,NA,NA,NA,NA,NA,NA,NA,NA,NA,NA,NA,NA,NA,NA,NA,NA,NA,NA,NA,NA,NA,NA,NA,NA,NA,NA,NA,NA,NA,NA,NA,NA,NA,NA,NA,NA,NA
K26,-8.08735948961242,-8.19300065358883,-7.26202926421815,-4.97064804143807,-5.40291201882602,-4.3965303111423,-4.25316311441661,-6.11188345341123,-4.96995280205578,-5.65555114504401,-8.00191794803051,-7.00923701315023,-8.42796858473753,-9.01965550675489,-8.54554086970064,-9.84240465524464,-8.56907333161939,-7.95693513633666,-8.59785622531334,-7.65507554137404,-8.65685208736601,-10.1012262237051,-10.0579521448216,-8.71985820093139,-9.61630186928972,NA,NA,NA,NA,NA,NA,NA,NA,NA,NA,NA,NA,NA,NA,NA,NA,NA,NA,NA,NA,NA,NA,NA,NA,NA,NA,NA,NA,NA,NA,NA,NA,NA,NA,NA,NA,NA,NA,NA,NA,NA,NA,NA,NA,NA,NA,NA,NA,NA,NA,NA,NA,NA,NA,NA,NA,NA,NA,NA,NA,NA,NA,NA,NA,NA
K27,-8.00725596320286,-8.39864854335756,-7.55834438498741,-6.22448492358684,-6.50982150864474,-5.31323253560827,-4.98984093412923,-7.07234617883483,-5.40489927584091,-6.96567325642295,-8.90229927897706,-7.84689906910319,-9.44218312794581,-8.93327207997708,-9.07939519902083,-9.25144327873212,-9.18001052335772,-7.7085995593897,-9.52555368144845,-7.68034758656889,-9.00266090207797,-9.71667280462019,-9.53155258088088,-7.93859362627108,-9.59055844225852,-9.56270813678884,NA,NA,NA,NA,NA,NA,NA,NA,NA,NA,NA,NA,NA,NA,NA,NA,NA,NA,NA,NA,NA,NA,NA,NA,NA,NA,NA,NA,NA,NA,NA,NA,NA,NA,NA,NA,NA,NA,NA,NA,NA,NA,NA,NA,NA,NA,NA,NA,NA,NA,NA,NA,NA,NA,NA,NA,NA,NA,NA,NA,NA,NA,NA,NA
K28,-9.89047282760661,-10.6508023133366,-8.70649980004625,-7.05456123005078,-7.79654576586557,-6.89867175579428,-6.18166144070999,-8.30661703588055,-6.59574218902291,-8.15156271289031,-10.2121147194459,-8.54044340981233,-9.53232663238006,-10.2963613452589,-10.6636448289788,-10.1293058696772,-10.4494750392531,-9.32867225456092,-10.1087573760533,-8.73326457195911,-9.99944683715682,-10.4138468355419,-10.3266807515927,-9.13152595518094,-9.89629923368365,-9.69509791354839,-9.08836917838128,NA,NA,NA,NA,NA,NA,NA,NA,NA,NA,NA,NA,NA,NA,NA,NA,NA,NA,NA,NA,NA,NA,NA,NA,NA,NA,NA,NA,NA,NA,NA,NA,NA,NA,NA,NA,NA,NA,NA,NA,NA,NA,NA,NA,NA,NA,NA,NA,NA,NA,NA,NA,NA,NA,NA,NA,NA,NA,NA,NA,NA,NA,NA
K29,-9.93886738381744,-10.8205160853145,-8.75447719786723,-7.04675456771588,-7.776887957796,-7.03725802343773,-5.71632712582995,-8.51750786062016,-6.25721812698138,-7.38954278795253,-9.72491437749258,-7.87607640664867,-9.99012600797522,-10.7172046434971,-11.3317932078704,-10.1571280406029,-9.87398781096642,-9.11089305664919,-9.99381907393677,-9.43978425610969,-9.40447175209241,-10.5690276222854,-11.1449823408901,-8.95939622365929,-10.9655198607692,-9.74964856181449,-10.5177618233776,-9.69030170025386,NA,NA,NA,NA,NA,NA,NA,NA,NA,NA,NA,NA,NA,NA,NA,NA,NA,NA,NA,NA,NA,NA,NA,NA,NA,NA,NA,NA,NA,NA,NA,NA,NA,NA,NA,NA,NA,NA,NA,NA,NA,NA,NA,NA,NA,NA,NA,NA,NA,NA,NA,NA,NA,NA,NA,NA,NA,NA,NA,NA,NA,NA
K30,-9.24654877972365,-10.164020860315,-8.17884868890534,-6.7280759540446,-7.22831578597155,-6.47703879672609,-5.95697391715619,-8.07795969176089,-6.58624554095287,-7.31362374755374,-10.3224415375682,-7.60543405084705,-10.111203455742,-9.96397204470188,-10.8630696675264,-9.81188885382002,-9.71928587867393,-9.2690118120407,-9.59761287189448,-8.62029686119647,-8.81539982277747,-9.97401615398672,-9.67219201930375,-8.46071389984489,-9.98655731826071,-9.37529189526859,-9.68736372628722,-8.93142084849119,-8.07578764208271,NA,NA,NA,NA,NA,NA,NA,NA,NA,NA,NA,NA,NA,NA,NA,NA,NA,NA,NA,NA,NA,NA,NA,NA,NA,NA,NA,NA,NA,NA,NA,NA,NA,NA,NA,NA,NA,NA,NA,NA,NA,NA,NA,NA,NA,NA,NA,NA,NA,NA,NA,NA,NA,NA,NA,NA,NA,NA,NA,NA,NA
K31,-9.44791315305307,-9.71125394961196,-8.51310887132299,-6.76008756609554,-7.2267989109916,-6.91613643882397,-6.14807649987931,-7.71963838180595,-6.70984248802686,-7.10652789401512,-9.631596987144,-8.12001291062902,-9.6644511408896,-10.1925534789535,-10.7751405243262,-10.1832611229249,-9.83262055436239,-9.80724440465015,-9.20378207214063,-8.0884641326092,-8.75262629311905,-9.51164446316105,-9.70980681598987,-7.94736106454027,-10.0188617098813,-9.34481725806628,-8.82058922645605,-8.96731539275119,-9.41010406513618,-8.11075530040962,NA,NA,NA,NA,NA,NA,NA,NA,NA,NA,NA,NA,NA,NA,NA,NA,NA,NA,NA,NA,NA,NA,NA,NA,NA,NA,NA,NA,NA,NA,NA,NA,NA,NA,NA,NA,NA,NA,NA,NA,NA,NA,NA,NA,NA,NA,NA,NA,NA,NA,NA,NA,NA,NA,NA,NA,NA,NA,NA,NA
K32,-9.17723214630535,-10.1056860972941,-8.47284450436072,-6.86472950333914,-7.5825893870449,-6.7644870564975,-6.28405962660139,-8.6369077066798,-6.70905056559609,-7.28013178456957,-10.3613244860837,-9.02250485748527,-8.9193811943395,-9.91322475394109,-10.481112586231,-10.0857015258083,-9.90826543175355,-9.76800016987953,-9.09038490092309,-7.47680926723538,-8.71463321500631,-9.48400721275934,-9.73252380125333,-8.17253696305867,-9.94529356756586,-8.86713022975002,-9.13288594537422,-9.50461585296126,-8.8387458242279,-8.45300337941719,-8.08406836965976,NA,NA,NA,NA,NA,NA,NA,NA,NA,NA,NA,NA,NA,NA,NA,NA,NA,NA,NA,NA,NA,NA,NA,NA,NA,NA,NA,NA,NA,NA,NA,NA,NA,NA,NA,NA,NA,NA,NA,NA,NA,NA,NA,NA,NA,NA,NA,NA,NA,NA,NA,NA,NA,NA,NA,NA,NA,NA,NA
K33,-9.43131203829693,-9.471580163561,-8.37948709936609,-6.9273614562316,-7.21765513898613,-6.54051398714572,-6.03441998228027,-7.73304149176138,-6.70117535539287,-7.80852945594119,-9.19247241228789,-8.4739613609508,-10.2459990069841,-10.6656892158388,-10.8486357325198,-10.1140555068335,-10.2079259967836,-9.23620174545447,-9.64942572448387,-8.68207358219287,-9.17987768414854,-9.60411085296838,-9.56737564965065,-7.9250839956695,-10.0717589636333,-9.60000906214874,-10.3430344770105,-7.85356416562504,-8.95458929163943,-8.86324358422578,-8.65668429530434,-8.78867691383081,NA,NA,NA,NA,NA,NA,NA,NA,NA,NA,NA,NA,NA,NA,NA,NA,NA,NA,NA,NA,NA,NA,NA,NA,NA,NA,NA,NA,NA,NA,NA,NA,NA,NA,NA,NA,NA,NA,NA,NA,NA,NA,NA,NA,NA,NA,NA,NA,NA,NA,NA,NA,NA,NA,NA,NA,NA,NA
K34,-7.5858210951414,-8.33677801262526,-6.96941293174028,-6.24891639792427,-6.63064080487646,-6.31437370535875,-5.7322578243628,-7.30373863061947,-5.68724635448378,-7.2477619397884,-8.82256195439703,-7.3549818005828,-7.7243892522699,-8.6615713612941,-8.39688643575477,-9.19219247728617,-10.0151579538401,-9.11447373499339,-9.15898354682873,-8.67175615164434,-9.77776488228784,-9.27440494712096,-9.75851467242061,-7.59210711489371,-8.11662044919035,-7.43785886652446,-7.21624823900503,-9.64989710480077,-9.72368005236056,-8.75340524529118,-9.29868622374116,-9.09061314043085,-8.59623660452636,NA,NA,NA,NA,NA,NA,NA,NA,NA,NA,NA,NA,NA,NA,NA,NA,NA,NA,NA,NA,NA,NA,NA,NA,NA,NA,NA,NA,NA,NA,NA,NA,NA,NA,NA,NA,NA,NA,NA,NA,NA,NA,NA,NA,NA,NA,NA,NA,NA,NA,NA,NA,NA,NA,NA,NA,NA
K35,-9.54378032665374,-10.1218445680583,-8.43297501583135,-6.52956433621945,-7.29367946479113,-6.86012947635499,-6.21081436979862,-8.21637792010473,-6.31704615938481,-8.11759472352283,-11.033369799862,-8.62485523845605,-9.26508126781755,-10.6024831494332,-10.3460799270391,-10.5302183160727,-10.7624677141096,-10.5145903059774,-10.353385894605,-8.40773500759476,-9.85356690765226,-10.6405217617985,-10.6535200577417,-8.67193223781813,-10.1461901048172,-9.09690657103244,-9.41476720527021,-10.4344277133425,-10.7537777665182,-9.34723714549092,-9.31273371719057,-10.0023761984332,-9.66520561148849,-8.89621760374989,NA,NA,NA,NA,NA,NA,NA,NA,NA,NA,NA,NA,NA,NA,NA,NA,NA,NA,NA,NA,NA,NA,NA,NA,NA,NA,NA,NA,NA,NA,NA,NA,NA,NA,NA,NA,NA,NA,NA,NA,NA,NA,NA,NA,NA,NA,NA,NA,NA,NA,NA,NA,NA,NA,NA,NA
K36,-9.50566915087466,-9.46952280801622,-8.5757354360605,-6.68893496655134,-7.43845941760308,-6.69638962437152,-5.96018328893015,-8.40161825482119,-6.39810184722539,-7.98697738763946,-9.75767519244909,-7.92202991331056,-8.64053076947274,-9.46684588583043,-9.02127617941592,-9.79381090797915,-10.2206455161989,-9.89909153849172,-10.1866008890077,-8.07737524018268,-9.39919787178942,-9.65054142156544,-10.7822633819479,-8.06365067114487,-9.6330600701992,-7.55838613489182,-9.02123030293368,-9.88591148324272,-10.4014953057846,-9.07685863783211,-9.50270350086431,-9.62783655294341,-9.9597318569009,-9.0813234690143,-9.37796012639704,NA,NA,NA,NA,NA,NA,NA,NA,NA,NA,NA,NA,NA,NA,NA,NA,NA,NA,NA,NA,NA,NA,NA,NA,NA,NA,NA,NA,NA,NA,NA,NA,NA,NA,NA,NA,NA,NA,NA,NA,NA,NA,NA,NA,NA,NA,NA,NA,NA,NA,NA,NA,NA,NA,NA
K37,-9.48493006631661,-9.85027112954107,-8.63394160458783,-6.5863549232871,-7.16096395886795,-6.73793804174122,-6.20772087711578,-8.29154735303061,-6.35805756528709,-7.99386815113899,-10.3963166437131,-8.98146217908306,-9.49123715671761,-9.749734855118,-10.1889315460663,-9.76060833225204,-10.2657570361637,-10.0747500316667,-10.1846437097338,-9.2866863674685,-9.29815979754209,-10.4055223738048,-11.2820654819177,-8.46777433528873,-10.8391976779414,-9.6809795404215,-9.63772968787982,-10.3185428892534,-11.047341161494,-9.55756630530611,-9.58168351896286,-9.52166662311716,-9.4550263149301,-9.28002244977764,-10.296230131799,-9.65180592182444,NA,NA,NA,NA,NA,NA,NA,NA,NA,NA,NA,NA,NA,NA,NA,NA,NA,NA,NA,NA,NA,NA,NA,NA,NA,NA,NA,NA,NA,NA,NA,NA,NA,NA,NA,NA,NA,NA,NA,NA,NA,NA,NA,NA,NA,NA,NA,NA,NA,NA,NA,NA,NA,NA
K38,-10.0485277508963,-10.671732464292,-8.72796571137159,-6.73834754477854,-7.08971540007147,-7.16224811544952,-5.950099082348,-8.63498882629653,-5.86071006208235,-8.05222129472094,-10.7381158967142,-9.28836764166248,-9.74702323376512,-10.944297027395,-10.3833858542713,-10.5465674825991,-11.1795990796784,-9.65420317093447,-10.694213457983,-9.43343765045664,-9.31523348232618,-10.5616549707004,-11.5444086593785,-9.57112771494491,-10.4521073816244,-9.69153355502545,-9.5007973712967,-11.5516413366732,-10.9617641851565,-10.1013632997595,-10.6030525170158,-10.1561611110132,-10.3751580111453,-10.8004254654033,-12.2704441919399,-10.4572109593698,-10.0717731307792,NA,NA,NA,NA,NA,NA,NA,NA,NA,NA,NA,NA,NA,NA,NA,NA,NA,NA,NA,NA,NA,NA,NA,NA,NA,NA,NA,NA,NA,NA,NA,NA,NA,NA,NA,NA,NA,NA,NA,NA,NA,NA,NA,NA,NA,NA,NA,NA,NA,NA,NA,NA,NA
K39,-9.75085568990054,-9.72085277530235,-8.22328801569957,-6.42540210897785,-6.91487811130548,-6.91967529936685,-5.89338715700675,-8.08883842220563,-5.71090048133822,-7.63484071027914,-10.229321679717,-8.82410003615142,-8.7170164259097,-9.38465842527792,-10.3380253696499,-9.97760266818622,-10.3605792478688,-9.87332346832062,-9.04393282456764,-8.55346027785625,-9.09822568721532,-9.58424954641983,-10.6973836676525,-8.89815705755969,-9.85693732561052,-9.71626147852145,-8.47069707551052,-10.7457493731473,-10.3097426012351,-9.41014649143766,-9.94852891724457,-10.0137123631649,-10.4352793348236,-9.75838159944549,-11.0570596833626,-9.87358634550742,-9.66862720137546,-9.89867314307281,NA,NA,NA,NA,NA,NA,NA,NA,NA,NA,NA,NA,NA,NA,NA,NA,NA,NA,NA,NA,NA,NA,NA,NA,NA,NA,NA,NA,NA,NA,NA,NA,NA,NA,NA,NA,NA,NA,NA,NA,NA,NA,NA,NA,NA,NA,NA,NA,NA,NA,NA,NA
K40,-7.87763297051446,-8.82661285747188,-7.09582185296497,-5.9844136707851,-5.91190208149586,-5.47597501165085,-5.01096132999927,-6.70852407847086,-5.49997936566858,-7.40791063815566,-9.983377548997,-8.73649047570495,-9.75744227338767,-9.80208703395298,-10.6677757743552,-10.2356335236772,-9.23904717654416,-9.60784781608078,-9.22485566136827,-7.52907245933145,-8.51162771252459,-10.1607418258098,-10.7283014108156,-7.49176610322405,-10.8399981223588,-9.95326478784115,-9.77839267037595,-10.465800099312,-10.3683236805435,-9.82675660933418,-10.1199948133394,-9.60205034925003,-10.4342813419121,-8.15874196553442,-9.77897337255085,-9.05716217039098,-9.77181430309259,-9.73253350959922,-10.0589459410988,NA,NA,NA,NA,NA,NA,NA,NA,NA,NA,NA,NA,NA,NA,NA,NA,NA,NA,NA,NA,NA,NA,NA,NA,NA,NA,NA,NA,NA,NA,NA,NA,NA,NA,NA,NA,NA,NA,NA,NA,NA,NA,NA,NA,NA,NA,NA,NA,NA,NA,NA
K41,-8.72934721147214,-9.35848856605043,-7.76825973865746,-5.85361039040928,-5.95048438741613,-5.68856803221318,-5.48131991708387,-6.78690383299552,-5.41778491837898,-7.25539634449851,-9.47897703147593,-7.88176008069979,-10.0144294766541,-9.71850923798899,-10.9423340626883,-9.9007240767446,-9.76417664260219,-9.48805008009869,-9.38457414917656,-7.56661237599871,-7.70591683233728,-9.63591858493139,-10.6054725426269,-6.78696555146366,-10.2647716178422,-9.28601965858132,-9.20309859087674,-9.65739517191691,-10.1797413674042,-9.06485784773243,-9.76567467553102,-9.909284913404,-10.2050541876497,-8.70657853210801,-9.48881860608646,-9.49767742536019,-9.51864476928631,-9.81714349946208,-9.19710293376232,-8.94069593745889,NA,NA,NA,NA,NA,NA,NA,NA,NA,NA,NA,NA,NA,NA,NA,NA,NA,NA,NA,NA,NA,NA,NA,NA,NA,NA,NA,NA,NA,NA,NA,NA,NA,NA,NA,NA,NA,NA,NA,NA,NA,NA,NA,NA,NA,NA,NA,NA,NA,NA
K42,-7.93522825012229,-8.76526128253364,-6.67081832394732,-5.75349067305831,-5.71842623486916,-5.45122498178076,-4.92681618900388,-6.08969468791644,-5.4604617623722,-7.13454271478222,-9.34450532947685,-7.381957514905,-9.49112061016609,-9.52781802413666,-10.4409338108927,-9.05345654370217,-9.70697100461902,-9.21883598634693,-8.86595410599693,-7.09882425639984,-7.30218702753939,-10.3664957788713,-10.1488949854632,-7.20448502067945,-10.1323884792239,-8.74958037479497,-9.01383319798898,-9.46934687248694,-10.2145068260579,-8.77470360061373,-8.88835942775916,-8.30246984527369,-9.4464367651153,-7.66389300994751,-9.3055800743104,-8.7883311248237,-9.1163599080689,-9.35961137732839,-8.85231772052852,-8.45523521852427,-8.17782076512547,NA,NA,NA,NA,NA,NA,NA,NA,NA,NA,NA,NA,NA,NA,NA,NA,NA,NA,NA,NA,NA,NA,NA,NA,NA,NA,NA,NA,NA,NA,NA,NA,NA,NA,NA,NA,NA,NA,NA,NA,NA,NA,NA,NA,NA,NA,NA,NA,NA
K43,-7.71266384652256,-8.4316733507493,-6.84685564098402,-6.08880246428715,-6.25797433043561,-5.74541809011267,-5.59523503789665,-6.34112838485512,-5.64322594537468,-7.43072027986847,-9.41727163515975,-8.1294098439367,-9.6199503244513,-10.1166929978344,-10.4029823233163,-9.77482320945175,-9.36247145884268,-9.4436250818019,-6.73542849106631,-6.11928108459866,-4.10018532638306,-6.93169192764847,-7.51703968696213,-3.01692371745094,-8.12645752126818,-5.27386513607447,-4.48612606994241,-8.00773735186051,-9.51915043274752,-8.57251616534038,-7.55855269502453,-8.53397342866948,-7.83179309648141,-8.99436587445966,-10.2220482354336,-9.2808630588784,-9.7550894661069,-9.46833322563394,-8.51166720653985,-9.43635733202571,-9.79790553758889,-10.3138156663096,NA,NA,NA,NA,NA,NA,NA,NA,NA,NA,NA,NA,NA,NA,NA,NA,NA,NA,NA,NA,NA,NA,NA,NA,NA,NA,NA,NA,NA,NA,NA,NA,NA,NA,NA,NA,NA,NA,NA,NA,NA,NA,NA,NA,NA,NA,NA,NA
K44,-9.7027921879273,-10.8287627406256,-8.63081441816757,-7.09625082421013,-7.4721408644801,-6.7467011845936,-6.69598102118082,-7.74795807898303,-6.67438191503385,-8.96254496619711,-10.5448629111525,-9.30915954603046,-10.1176492266647,-9.92245559968043,-10.8190737503073,-11.0004641363164,-10.4839535112786,-10.5008463996515,-10.3924775044579,-8.59498341895544,-9.13029701587494,-9.39025190020752,-9.36252219424977,-7.25157658874431,-9.94276084602631,-8.66931807852404,-8.74845744512277,-11.0322513618632,-10.9503847827959,-9.94238567839018,-9.67678802922135,-9.93220020101453,-10.7127003699501,-10.3140524067405,-10.7038775661979,-10.5569191915467,-9.7463871919554,-11.10993562287,-9.28107047158555,-9.25247716512428,-9.4600913621595,-8.91716641075784,-8.19483614223262,NA,NA,NA,NA,NA,NA,NA,NA,NA,NA,NA,NA,NA,NA,NA,NA,NA,NA,NA,NA,NA,NA,NA,NA,NA,NA,NA,NA,NA,NA,NA,NA,NA,NA,NA,NA,NA,NA,NA,NA,NA,NA,NA,NA,NA,NA,NA
K45,-8.63745046744884,-9.98419078333247,-8.07345900179524,-6.73442563534594,-6.49538080021671,-5.70884388459334,-5.88480993739379,-6.68589171383767,-5.9392130715747,-8.24369869020442,-10.5148858057064,-8.72652676100622,-10.3046151872657,-10.1628570901125,-10.689159149024,-10.4917560423193,-9.86099446404549,-9.77728997406771,-8.98390163369992,-7.78456411907136,-8.00606440216564,-9.34508432865545,-9.94173438533043,-6.13758617937539,-10.6652777502161,-8.77526560131577,-8.44620040676509,-9.94470440542603,-10.3339569409124,-9.94365693196258,-10.2631520254568,-9.15306979309621,-9.71498039133044,-9.55021450735031,-10.4008528276581,-10.1654538769666,-9.98736946960121,-9.26582216079745,-8.76056878921438,-9.84441736389203,-9.82964742912255,-9.75742954807917,-8.8613414804413,-9.05609773214771,NA,NA,NA,NA,NA,NA,NA,NA,NA,NA,NA,NA,NA,NA,NA,NA,NA,NA,NA,NA,NA,NA,NA,NA,NA,NA,NA,NA,NA,NA,NA,NA,NA,NA,NA,NA,NA,NA,NA,NA,NA,NA,NA,NA,NA,NA
K46,-3.49865195035742,-4.65991615125918,-2.60182284223632,-1.63303236181989,-1.54475409701884,-1.05030216700059,-0.975366182630643,-0.772983475849205,-2.26236730380912,-5.42070375666328,-7.05102451046992,-5.98262923478479,-6.50627547366333,-7.19127047165258,-6.79339463602839,-5.98864236474665,-5.7689262610792,-5.71306208846211,-5.7710013683031,-3.53384800477723,-5.67631760861799,-8.06760912683949,-8.16039432545511,-3.70335153439529,-8.51405362964354,-6.37196533754317,-6.58760690796825,-6.01670252618112,-6.98186656670551,-6.68459113298942,-5.67899546797753,-6.39203665787527,-6.0741746214964,-4.11379065114338,-4.65744266260464,-4.281751252121,-4.53816949116584,-3.31366566165902,-3.16926800972885,-5.63835384601547,-4.5988744159434,-6.62831173818579,-3.51388280150269,-4.44036526247052,-5.14191844538687,NA,NA,NA,NA,NA,NA,NA,NA,NA,NA,NA,NA,NA,NA,NA,NA,NA,NA,NA,NA,NA,NA,NA,NA,NA,NA,NA,NA,NA,NA,NA,NA,NA,NA,NA,NA,NA,NA,NA,NA,NA,NA,NA,NA,NA
K47,-5.0908086250813,-6.53277308775103,-4.28968741269371,-2.64898054043619,-2.72897101321137,-2.28227805411671,-2.080241218543,-2.80950346364613,-3.26571620977691,-6.16412095744073,-8.22834967885815,-6.93167077454867,-7.91356334090771,-8.32450150576097,-8.15545407414045,-7.39187690632417,-7.18974000079459,-7.00845818985478,-7.52704094642607,-5.1995989254804,-6.0739474436813,-8.59066393023234,-9.71311824065391,-4.87910155547405,-9.17493042486039,-7.28778468449375,-7.61830441396748,-7.6915261741574,-9.10552225767485,-8.38238366140916,-7.45345315023226,-7.89781666861507,-8.09436716261977,-5.35767185928555,-6.6041352060906,-6.07141564683442,-7.13020032826231,-6.40230897360389,-5.81440959864601,-7.68050629055058,-6.86181904126206,-8.97345271950458,-6.02619391492868,-6.43092457345782,-7.55353555007926,-9.67647506067529,NA,NA,NA,NA,NA,NA,NA,NA,NA,NA,NA,NA,NA,NA,NA,NA,NA,NA,NA,NA,NA,NA,NA,NA,NA,NA,NA,NA,NA,NA,NA,NA,NA,NA,NA,NA,NA,NA,NA,NA,NA,NA,NA,NA
K48,-4.16381263954465,-5.03713573295828,-3.08940901935064,-1.61805743761309,-1.51136649741337,-1.06452250829927,-0.682137828267949,-1.53042892346478,-2.1672767856488,-5.3974576768315,-7.05526914493862,-5.98331454791132,-7.28853416784208,-7.64812165454867,-7.29773269423507,-6.43037394173307,-6.43988926421977,-5.4327603917725,-6.38096382639838,-3.7160591687468,-5.8804573858206,-9.3190017267956,-9.54237640226683,-4.88632053987845,-9.07328725365125,-7.74020795175259,-8.37673424397136,-6.6811940368739,-8.27121670727398,-7.71007240674408,-6.28842681114952,-7.69453565017851,-7.22589982573285,-4.0071224196547,-5.4698867911757,-5.14906692561087,-5.7255198671632,-4.26420515211973,-4.17803335745845,-6.57418592296624,-5.765284422768,-8.32643871663105,-4.07363053497776,-5.02731585316718,-6.20778753127018,-10.4046820747194,-9.25855915386278,NA,NA,NA,NA,NA,NA,NA,NA,NA,NA,NA,NA,NA,NA,NA,NA,NA,NA,NA,NA,NA,NA,NA,NA,NA,NA,NA,NA,NA,NA,NA,NA,NA,NA,NA,NA,NA,NA,NA,NA,NA,NA,NA
K49,-4.3857281313051,-5.49396009792555,-3.39143345399291,-1.71237905501496,-1.61725404551497,-1.14435981094924,-1.23840110038685,-1.80104276458317,-2.37921948181025,-5.39597234746343,-7.48933733532106,-6.22039032041052,-7.3078538962891,-7.74891065736872,-7.68685424519257,-6.80841388291518,-6.50253902360011,-5.69744444240327,-6.73469262982555,-4.22197860802372,-6.00693161741477,-8.96436466974217,-9.93309175471125,-4.29842444564539,-9.12027101514441,-7.68240771841476,-7.59249056229685,-6.90268489192777,-8.22900861474378,-7.72458117557633,-6.15497403341713,-7.5877118246389,-7.2168853938907,-3.80093862349118,-5.34116143739651,-4.89449443095802,-6.0079274582838,-4.79915087077613,-3.84427550044341,-6.72746843867807,-6.29961548988911,-8.19133029247135,-4.78157862784958,-5.23824270266682,-6.29587981912972,-10.2088022569029,-10.5828086702475,-10.5253810058206,NA,NA,NA,NA,NA,NA,NA,NA,NA,NA,NA,NA,NA,NA,NA,NA,NA,NA,NA,NA,NA,NA,NA,NA,NA,NA,NA,NA,NA,NA,NA,NA,NA,NA,NA,NA,NA,NA,NA,NA,NA,NA
K50,-4.2094521227533,-5.62152293605092,-3.23415813236768,-1.63671004255311,-1.68691513421354,-1.03545496426913,-1.04406466900117,-1.78964465622,-2.10736365729336,-5.11592226323785,-7.28958591984081,-5.98183607531708,-7.10098718467322,-7.80631117473083,-7.48739081922832,-6.88973755340485,-6.9822797183872,-5.60200094921872,-7.21739782290407,-4.39603279358251,-6.34454349709229,-9.49100087033151,-9.85935032594328,-4.6428034489773,-9.49263941285778,-7.85976028395091,-8.10690784231192,-7.32771893733827,-8.39130786354276,-7.75719767174064,-6.15759876874128,-8.03541842831111,-7.13631872089203,-4.2620984150434,-5.90064848429884,-5.29753236914415,-6.86279955600967,-5.07042227472495,-4.7563109329774,-7.29242942189802,-6.46835167892064,-8.57360252089831,-5.00990253351931,-5.96502197943468,-6.58626933619866,-10.0014319413208,-11.0949424137463,-10.429726963527,-9.586383980093,NA,NA,NA,NA,NA,NA,NA,NA,NA,NA,NA,NA,NA,NA,NA,NA,NA,NA,NA,NA,NA,NA,NA,NA,NA,NA,NA,NA,NA,NA,NA,NA,NA,NA,NA,NA,NA,NA,NA,NA,NA
K51,-4.68864427297884,-5.89242628085362,-3.74698499122756,-2.59381635910741,-2.68217223413214,-1.97910327002764,-2.18529132265731,-2.89489973555766,-2.85313164176612,-5.98344307183762,-8.02070491834637,-6.77672370448932,-7.54970676920792,-8.2702191391732,-8.50020268099211,-7.60890632100549,-7.30256998371826,-6.18089930493903,-7.15065967918921,-4.28690688395196,-5.9974274992143,-8.66620118328204,-8.94290222687794,-4.39787454024567,-9.51522795677811,-7.87502780167816,-8.445009673556,-7.41794741129962,-8.28353722230913,-8.17841972743756,-6.23368642425133,-8.01875265929012,-7.53291722311583,-4.23350713415963,-5.77006562922372,-5.95461675050029,-6.60288108771597,-5.0232973849172,-4.25841793373423,-7.51704385663085,-6.4400524675519,-8.57619288134604,-4.93628274924203,-5.33562125509091,-6.29282993723741,-10.8397294915371,-10.8953482113932,-10.6084266238173,-11.2021147156147,-9.9390899768767,NA,NA,NA,NA,NA,NA,NA,NA,NA,NA,NA,NA,NA,NA,NA,NA,NA,NA,NA,NA,NA,NA,NA,NA,NA,NA,NA,NA,NA,NA,NA,NA,NA,NA,NA,NA,NA,NA,NA,NA
K52,-8.23957165394705,-9.65613233257844,-6.62811197429927,-5.68478112909012,-5.82540127690177,-5.23582909859485,-4.56248387538628,-6.06101410492992,-5.10489595280371,-7.74666697525169,-10.4022472167269,-8.28400246736233,-10.1785772774135,-12.0595214152037,-12.1029875635531,-10.0940023328068,-10.4428385169147,-10.0744854368302,-9.95490060245124,-7.84487002419619,-8.84471728921602,-10.8889216200399,-10.8462330265624,-7.10320688921304,-10.3860682805175,-9.73001430681154,-9.74279392060877,-10.7761645536726,-11.1292023318585,-9.78163269924185,-10.3137397728269,-10.390373038631,-10.9238946891823,-9.60712608312532,-11.4982574136692,-10.4609693735061,-9.96622357252076,-10.274411898881,-9.39666621265738,-11.0098197928728,-8.93755724671306,-10.5483158677429,-9.33528406148905,-9.9727982933868,-9.82935681580283,-6.9594775126395,-9.33105910368117,-7.9767685768466,-7.58275079399909,-7.45896688055201,-8.37549961079207,NA,NA,NA,NA,NA,NA,NA,NA,NA,NA,NA,NA,NA,NA,NA,NA,NA,NA,NA,NA,NA,NA,NA,NA,NA,NA,NA,NA,NA,NA,NA,NA,NA,NA,NA,NA,NA,NA,NA
K53,-8.48842375469269,-10.2499570246572,-8.57983415633294,-9.95650884968951,-8.95859499142513,-7.56687322937788,-6.6271249524074,-6.51040804911461,-9.50410465632149,-11.7826554348514,-11.3287411123997,-11.2759391948407,-12.0440271626289,-13.1312671739012,-13.0095148574897,-11.8562141227074,-11.090599436787,-12.9911602507564,-10.8599034767692,-7.58446111420635,-8.95623773625491,-10.7012841970244,-11.6872285857611,-6.56882478487076,-10.7107381160595,-9.22917782526123,-9.80479700969846,-12.0301702344482,-11.8049108578957,-11.1667946828075,-10.7709711978991,-11.2634491067048,-11.2630797843989,-7.93539919027609,-11.0726425493925,-9.80204156125285,-10.4367835747766,-10.1702875325773,-8.93985621388635,-10.6134473835611,-10.2735680063894,-10.7943721954263,-8.67112242054002,-9.7987008375602,-9.9218808789561,-8.53767146229218,-10.0865878143182,-9.18340069339247,-8.80999005401716,-9.05434292957705,-9.40752262772607,-10.8019135172787,NA,NA,NA,NA,NA,NA,NA,NA,NA,NA,NA,NA,NA,NA,NA,NA,NA,NA,NA,NA,NA,NA,NA,NA,NA,NA,NA,NA,NA,NA,NA,NA,NA,NA,NA,NA,NA,NA
K54,-8.62251320002419,-9.7758579992158,-7.00008081843468,-6.28974872286052,-6.28434631598095,-5.78191984177541,-5.02355625070581,-6.31305804712684,-5.52242134254699,-7.6625670507315,-10.6622468954553,-8.31247235277894,-9.92814273099829,-11.7788723127603,-12.5710218786101,-9.50827664251463,-10.4872144993616,-10.4208346552426,-9.92457947603605,-7.77739183557261,-9.01044264158073,-10.9809914313158,-11.4200737866775,-7.46089653954021,-10.7238768459066,-9.43185751969933,-9.63322707137645,-11.1850926041751,-11.1550582535629,-10.4483755710881,-9.97751598577767,-10.2447849554338,-11.0996629156642,-8.3207277195085,-10.5196018353394,-10.0399358712238,-10.3979198782053,-11.2612105934551,-9.54835853317871,-10.8664112797255,-9.18483749292775,-10.3963135797421,-9.45078297376242,-9.76954941092015,-10.1883432483522,-8.83218550029012,-10.3889244453764,-9.85382137849975,-10.1791503591303,-9.99940380841668,-10.8290470570957,-8.96843959619923,-10.7844330815484,NA,NA,NA,NA,NA,NA,NA,NA,NA,NA,NA,NA,NA,NA,NA,NA,NA,NA,NA,NA,NA,NA,NA,NA,NA,NA,NA,NA,NA,NA,NA,NA,NA,NA,NA,NA,NA
M01,-7.9269325605594,-9.1533970904815,-6.68646978114501,-5.58705412997447,-5.21686318523506,-5.0605349152513,-5.1364075312354,-6.52825803114991,-5.21904651608965,-7.72506360712011,-10.4025276047055,-6.89953455496639,-8.65404640038776,-10.5475217154931,-11.0878926824611,-8.24285898460853,-8.52188480315891,-9.09181792962482,-8.54913597216671,-6.70523081771511,-7.49911593982358,-8.88994443976643,-9.13333197397834,-6.3795748906745,-8.35677503479205,-8.73646384687614,-7.11520401229441,-8.52683405255272,-9.43179460133822,-8.76051141983756,-9.17099778266063,-10.1897201351318,-9.91119220612702,-7.37135982053751,-8.51093063729509,-8.19996560691971,-8.95224605496744,-9.13718517005069,-8.50860720271754,-9.03722844638002,-10.0562717458704,-9.03202425773666,-6.60434388153519,-8.5731031099997,-8.58930110898719,-2.86603194659952,-6.4835681003615,-4.08010523518948,-5.22599701525721,-4.83750958048882,-4.89988331874703,-9.57896484913159,-9.9246888812953,-9.93284950134781,NA,NA,NA,NA,NA,NA,NA,NA,NA,NA,NA,NA,NA,NA,NA,NA,NA,NA,NA,NA,NA,NA,NA,NA,NA,NA,NA,NA,NA,NA,NA,NA,NA,NA,NA,NA
M02,-7.30608275989745,-8.81638300305946,-6.49202171033692,-5.11854348711634,-5.44800622257412,-4.91079302965477,-5.47225309972103,-5.7652559112977,-5.33446961416171,-8.17338119043028,-10.363622370106,-6.91220768020153,-8.76022306975539,-10.3770186250427,-11.2785688922388,-8.23708903419131,-8.00358052649423,-9.51590979175585,-8.29037162620805,-6.74203324491269,-7.07043940668918,-7.88122546102963,-7.74143861164133,-6.03513941573672,-7.89951396522459,-8.52732252505326,-6.9023443557148,-8.39963377345553,-8.4396544260397,-9.24053931073636,-8.69873959864195,-9.85117117810459,-9.77445170276911,-6.4668101098127,-8.59172063808737,-7.57639041910165,-8.50616236252048,-8.44000794076486,-8.21172097150258,-8.50205681427193,-8.72185702453686,-8.06924049219222,-6.93579631447607,-7.93027054482644,-8.16702371902841,-3.41728652982819,-6.00263033600741,-4.87552066028043,-5.90133679310912,-4.72143431802118,-5.5531846556372,-10.5662597288975,-10.2365552439555,-10.636403953624,-9.65938555148015,NA,NA,NA,NA,NA,NA,NA,NA,NA,NA,NA,NA,NA,NA,NA,NA,NA,NA,NA,NA,NA,NA,NA,NA,NA,NA,NA,NA,NA,NA,NA,NA,NA,NA,NA
M03,-5.45807543649461,-7.26771845449111,-4.83482697950801,-4.1249146987983,-3.97535509737009,-3.3164585703943,-3.89601446436171,-3.87271850636946,-3.78442029333541,-7.38608357087955,-9.98043090179473,-5.90062089018944,-7.56296862855547,-9.90824611940369,-10.7156454726945,-7.32831413955898,-7.15777815349774,-7.79310488519492,-6.29334000284546,-4.59787786522118,-5.68450352009384,-7.16320773175725,-7.39366975197392,-4.72274829196789,-7.23849594033237,-7.64527374908358,-6.19976931189745,-6.85183881877043,-7.54164084974248,-7.80192466120282,-7.08780450431314,-8.72437962729643,-8.97461965765459,-4.85902200085165,-7.21571902031033,-6.1025107930712,-7.76187360707949,-6.83215367777159,-7.13916250047203,-7.98332075391898,-8.67784931780365,-7.71512010386558,-5.92191874515314,-6.66232886895527,-7.24056103530109,-2.53588922057987,-5.8049548107629,-3.929787160793,-5.17885617157302,-4.25310645397134,-4.70755211134132,-9.875120387606,-10.0191558822705,-9.54205237196572,-10.905639524001,-8.65287879263307,NA,NA,NA,NA,NA,NA,NA,NA,NA,NA,NA,NA,NA,NA,NA,NA,NA,NA,NA,NA,NA,NA,NA,NA,NA,NA,NA,NA,NA,NA,NA,NA,NA,NA
M04,-5.96378482946132,-7.80237152694576,-5.57921619923591,-4.82484172096389,-4.67597390992584,-4.23347225595036,-4.99572918496583,-4.4441773935374,-4.18835011885473,-8.00122649408492,-9.69970693001828,-5.83082785019004,-7.70089475319465,-9.87701153201712,-10.4557939356227,-7.89945623907142,-7.172953447606,-8.82214140059476,-7.0479987321415,-5.00825691713735,-6.29746271633868,-7.08917932116193,-7.32098878368405,-5.7630467243556,-7.39693301612176,-7.31867245461325,-6.50284359804239,-7.15490336152848,-7.43199393725905,-8.50026939369905,-7.51497660882825,-9.67250002000998,-10.0966993758043,-6.15142414409211,-7.88090932838273,-6.8146799928661,-7.18492099502942,-6.35667579688832,-7.56036981557671,-7.28843827532657,-7.9254560871073,-7.16699747052071,-6.31942978411479,-6.29292344680344,-6.92488488363681,-2.95284258038683,-5.4982524816994,-4.49760954814954,-5.44511790474891,-4.56195375060149,-5.21411109412353,-9.20364344624406,-9.52465083485033,-9.31677741923036,-11.7862679760007,-11.8395744272992,-12.8671089679817,NA,NA,NA,NA,NA,NA,NA,NA,NA,NA,NA,NA,NA,NA,NA,NA,NA,NA,NA,NA,NA,NA,NA,NA,NA,NA,NA,NA,NA,NA,NA,NA,NA
M05,-5.70433140563665,-7.26237779470035,-5.33147577285993,-4.58631148365297,-4.41024126818204,-4.28731416045287,-5.0297822485991,-4.31140801313299,-4.21626433608446,-7.57568884325829,-9.72191820245416,-5.17614644417117,-7.4815103185193,-9.74818698525861,-10.3852071513781,-6.93847893666006,-6.67101094204183,-8.05586347294507,-6.41897389379593,-4.93911996933591,-5.6808646653161,-6.32130546368228,-6.69026668387785,-5.21780747985273,-6.52226350428935,-7.2369488888055,-5.73321270791475,-6.46146862628627,-6.80677026780787,-7.7518468565432,-7.08810377564956,-8.91558384124807,-8.84587975515286,-6.02791779310682,-7.55015775880429,-6.30269430339638,-6.85166764268043,-6.33468226981143,-7.32959583892118,-6.95174330168857,-7.60015593400928,-7.13657001192956,-6.48156332030883,-6.67823391377198,-6.81891326903564,-2.64793072055232,-4.97334418575151,-3.41578759115432,-4.52663863575641,-3.73674125025413,-4.45063074625647,-8.8510295773918,-9.06605672980585,-9.47640066341643,-11.4926524110203,-10.7871130725166,-10.9151604213449,-10.4803712635915,NA,NA,NA,NA,NA,NA,NA,NA,NA,NA,NA,NA,NA,NA,NA,NA,NA,NA,NA,NA,NA,NA,NA,NA,NA,NA,NA,NA,NA,NA,NA,NA
M06,-7.35823921562715,-8.55620390884645,-6.4286189951894,-5.39215335601018,-4.99319859552064,-5.09773458482872,-5.55181111012656,-5.80313764264331,-4.71069428303124,-7.3366772958316,-9.29249641349581,-6.12822398018411,-8.29616818058616,-9.54693755598498,-10.5034073705011,-7.95378279403716,-7.58791575264879,-8.4187203716963,-7.83383588287024,-6.40224489643451,-7.03773597243472,-7.25859503808814,-7.51256616184869,-6.61428876449577,-7.27299304864921,-8.40556551808273,-6.60822824261653,-7.0039381743295,-8.27486714792902,-7.74012396493195,-7.89090977002688,-8.95296429894226,-9.02205495426452,-5.95361614758526,-8.03857194848838,-7.28278442590927,-8.19655805283841,-8.87207522981861,-8.33788161579899,-8.1060006684074,-8.58536455686352,-7.69733397963959,-6.58577486545842,-7.17533010869694,-7.51642103985712,-2.66482400454866,-5.35806183745371,-3.24714670132254,-4.77320016762252,-4.30950923574605,-4.71101617009664,-9.05505520334926,-8.8431833247076,-9.47946159586859,-11.1937479859009,-11.1133138677335,-11.3806695270316,-11.5307528427822,-10.4938590804633,NA,NA,NA,NA,NA,NA,NA,NA,NA,NA,NA,NA,NA,NA,NA,NA,NA,NA,NA,NA,NA,NA,NA,NA,NA,NA,NA,NA,NA,NA,NA
M07,-7.27970632128098,-8.80682149487962,-6.30048020447952,-4.92860328177749,-5.18504433558504,-4.49355691597849,-5.50448440251932,-5.68744442594629,-5.0804260715566,-8.28590943935058,-10.3846384985361,-6.64583346196471,-8.42032006146207,-10.6932988782409,-11.358314645218,-8.03838939184132,-7.61040201655529,-8.9315421268118,-7.54490979812629,-6.68942914961069,-7.18198299747116,-7.8454384705412,-7.99511451270841,-6.19967085928043,-7.94252960643588,-8.58568493673371,-7.47935808467185,-7.76249907895289,-7.78730679576025,-9.20418804856966,-7.68537797156597,-9.83681680459509,-10.0755458077409,-6.1781418605781,-8.5036620857089,-7.33981857542222,-7.73050165973336,-7.53199566553389,-8.02037156843403,-8.04410185591375,-8.52443405762365,-7.73150271980923,-6.27452804658901,-7.61424630266784,-8.02634511345459,-3.43495616522999,-6.3216163367788,-5.19254099649353,-6.32947207110169,-5.20202890193339,-5.93522556638549,-10.6573478925324,-10.7147402732614,-10.2726081809771,-12.3915874160705,-11.3999687615438,-11.3999910376486,-11.4430378043123,-11.9483181615955,-11.7341687724974,NA,NA,NA,NA,NA,NA,NA,NA,NA,NA,NA,NA,NA,NA,NA,NA,NA,NA,NA,NA,NA,NA,NA,NA,NA,NA,NA,NA,NA,NA
M08,-5.50087491116911,-6.59438493348762,-4.81693246971928,-4.14482359235253,-4.1608604763952,-4.0405903243909,-4.53881050777126,-4.10895576388335,-3.96221919995154,-7.69372761726776,-9.73511727721773,-5.64013169144055,-6.96601668680318,-9.72116713243936,-9.87382617088728,-6.58493561384595,-6.78173554953655,-7.7573231626946,-5.74650975101427,-5.11250577919888,-5.53316875546692,-6.63536332896155,-6.46079481527211,-5.4222657472895,-6.56941878103322,-7.61206438069505,-5.56139982212879,-6.81358236720288,-6.86239504430418,-8.23447619110127,-7.12969908976075,-9.32314565128509,-9.0164558952875,-5.33589110463525,-7.41237003824709,-5.86943678837521,-6.65977217483655,-5.62136666212454,-7.17410754645492,-6.38666700471875,-6.74611361779715,-6.11727792036108,-6.15909383429522,-5.99578004032648,-6.74333779770206,-3.54300073094193,-5.99168893897274,-5.05778430957701,-6.00060300623731,-4.48342023367593,-5.43028666384609,-9.84717502333312,-9.5533899744134,-9.7189019024372,-11.1952149451483,-10.3837304133732,-9.90521172931467,-11.6732809157039,-11.5148146294011,-11.1147748018306,-9.23680006451697,NA,NA,NA,NA,NA,NA,NA,NA,NA,NA,NA,NA,NA,NA,NA,NA,NA,NA,NA,NA,NA,NA,NA,NA,NA,NA,NA,NA,NA
M09,-6.17929894093457,-7.72138011549951,-5.72976823759759,-4.89463353826906,-4.91715956050704,-4.57298521074261,-5.18167397864462,-4.76795167888873,-4.75134016996951,-8.10432106144025,-9.89600928956798,-5.94917528596226,-7.872574976581,-9.98661246677979,-10.454141742157,-7.36962253788754,-7.16392007885352,-8.44247596769057,-7.60728474512104,-5.57967778010388,-6.68407082293959,-7.12579804498074,-7.38435527045733,-5.69337506411965,-6.85683430509933,-7.67781122825302,-6.20965339729059,-7.36844161696113,-7.37608002150071,-8.16703824646492,-7.3594283245248,-9.51681857609422,-9.75362140530916,-6.03921531531208,-8.07820703669703,-7.09041281150937,-7.25281746968218,-6.62639500037477,-7.10410613254626,-7.19242679354925,-7.63322880720431,-7.16386669464191,-5.6909709182115,-6.94602707178,-7.01840958253245,-3.68680736632489,-6.3597744930681,-4.65309926627657,-5.43883975729868,-4.57301499001781,-5.21083515977128,-9.81778715843723,-10.2504891383164,-9.99678211294485,-11.4575216614347,-11.536026355443,-10.4839886371909,-12.6158658012884,-11.5339682801857,-11.270047622641,-10.7418128130064,-10.3152494187013,NA,NA,NA,NA,NA,NA,NA,NA,NA,NA,NA,NA,NA,NA,NA,NA,NA,NA,NA,NA,NA,NA,NA,NA,NA,NA,NA,NA
M10,-2.56245361931578,-4.11963416015633,-2.46000646547951,-1.59570722078378,-0.644076239935518,-1.31557527326178,-1.99348618815013,-0.54456106535766,-2.42395976881267,-4.65600827130144,-5.09875325826399,-3.97950190582851,-4.41319254598433,-4.81310816151426,-5.11059435761929,-3.13403355754417,-2.90639908460704,-4.31928632660007,-4.0899041141616,-1.69429451170471,-3.15014287677471,-4.17852457178397,-5.22646466849658,-1.4875442059389,-4.64537179489995,-3.78007559780649,-2.73094348391378,-4.15741079428962,-3.8764282568214,-4.64776327828961,-1.00537980809774,-4.95110748581058,-4.25718408768516,0.7911469462752,-2.28914183550731,-2.49392096137446,-3.22727898473074,-1.53090566225296,2.13064918335387,-3.53427470356776,-3.7722943290564,-4.61960574676642,-0.944025724877419,-2.52375683309109,-3.22294310912303,-6.28665049829448,-8.26666676875329,-7.39091510548427,-7.74115061482307,-6.77642549959792,-6.95866501242429,-4.50353208984016,-4.67024463349503,-4.8129465801323,-6.21067914258443,-6.79665469026474,-6.46601096488522,-6.26456769520296,-5.60321975103259,-6.54734494299037,-6.84995745995498,-6.71195020925155,-6.63171450880974,NA,NA,NA,NA,NA,NA,NA,NA,NA,NA,NA,NA,NA,NA,NA,NA,NA,NA,NA,NA,NA,NA,NA,NA,NA,NA,NA
M11,-4.89906781001631,-6.52594063349993,-4.09802220287676,-3.69708402298593,-3.17726368224998,-3.00129261605681,-3.6146773704092,-2.94557760997265,-3.70752658071729,-7.47936804897418,-9.09673794347843,-6.81291868338407,-7.4797931223752,-8.89867115165378,-9.17078742071026,-6.9889583393517,-6.33609123037304,-7.44623473541642,-7.34149905587056,-3.97486291474913,-5.72448131365487,-8.21448967692615,-8.24216498563506,-4.88461953132909,-8.37327794231804,-7.49207397551513,-6.92931579990505,-7.14373280723312,-7.30837148899872,-8.12719205080688,-4.81120611602933,-8.4820154723137,-8.57849250943333,-2.71602877589249,-6.59185275342589,-5.82121137818853,-6.61835350113925,-4.58831111897701,-2.92224713113877,-6.82662520675024,-6.97543642232394,-7.04268172244374,-3.77620174692176,-6.0482253575313,-6.46966068194803,-8.58337514460333,-10.0324984251785,-9.80471609679982,-10.0274036328921,-9.29573865713583,-8.71781739235256,-9.15442389149854,-9.66920756534381,-9.4273169222133,-8.72425888989832,-9.19220276170518,-8.94166049077615,-9.11024193500015,-8.72729012159741,-8.67103270676074,-9.48813485786936,-9.69865882455275,-9.67535669201424,-10.3025913339194,NA,NA,NA,NA,NA,NA,NA,NA,NA,NA,NA,NA,NA,NA,NA,NA,NA,NA,NA,NA,NA,NA,NA,NA,NA,NA
M12,-3.28127127192693,-5.29351750070243,-3.01508154778895,-1.99560202652728,-1.46896229961283,-1.95149962398585,-2.18093187641986,-1.64733246892174,-2.59685082324348,-6.06427303974628,-7.70968063653264,-5.52155065806143,-6.18977065366892,-7.715673552038,-7.82909644933653,-5.29901307586865,-5.6482901649757,-5.88940842533996,-5.94830019195898,-3.16125693441886,-4.91855048343419,-7.22077516010215,-7.45506163175043,-3.98076159411245,-6.85356585613068,-6.56776475446709,-5.94778894209754,-6.11279245357977,-6.09214139710808,-6.77010086186822,-3.98004444352365,-7.0823415947717,-7.02823651328222,-2.07572131195768,-4.79984978197835,-4.5575937926745,-5.42199154072194,-3.96964109158438,-2.3228988644425,-5.82080227105288,-5.56493319696794,-6.05255473369386,-3.39754906831832,-4.70069282387158,-5.34286294375151,-6.85625089026326,-7.93105119480269,-7.75987073734026,-8.45472993737512,-7.00279399578839,-8.01084702023026,-7.54046574699147,-7.84891997922041,-7.50359780244117,-7.98337814571413,-8.19576788910962,-7.90995479642999,-8.19813258046869,-7.37291768451237,-7.98602646616256,-8.78084044761454,-8.39470625690829,-8.29511380210769,-11.008651822538,-9.80687902202426,NA,NA,NA,NA,NA,NA,NA,NA,NA,NA,NA,NA,NA,NA,NA,NA,NA,NA,NA,NA,NA,NA,NA,NA,NA
M13,-3.05602919546394,-5.31290873348709,-2.56595125866523,-1.5226132989325,-1.15999472284206,-1.60618330429694,-1.67597469890685,-1.38589273404454,-2.31815219272328,-6.34831171915279,-8.49255893842896,-6.02707839088205,-6.41105374280572,-8.23770692636381,-8.45892450392868,-5.92954324099642,-6.02063126210265,-6.43424118936708,-6.03648968545228,-2.76653628356775,-4.66623734702452,-7.4786465057768,-8.05346275483219,-4.00007078253286,-7.60913143065686,-7.92221060857406,-6.75818331775602,-6.70052729252471,-7.07560373277859,-7.89264158202361,-6.10100649888451,-7.67496868896821,-7.99720402633288,-3.57425295370863,-5.65586308164547,-4.85841084654684,-6.20064916409812,-4.79823536569168,-4.16392078010091,-6.54307028822637,-6.09184811982803,-6.51047811453545,-4.26092173816905,-4.70422586507174,-5.59418792635929,-7.11594458249935,-8.19328746193955,-8.06898188671688,-9.25767864405839,-7.33902578325607,-8.15592195578374,-8.27102746358155,-8.17036035380052,-8.39235431359132,-8.63795174400327,-8.47961374339669,-8.93352757457652,-8.49390349904319,-7.7737312608407,-7.87800364817905,-9.20876605766801,-8.8732122088924,-8.62768323495164,-9.95699458572497,-10.4043363377905,-10.2228209149746,NA,NA,NA,NA,NA,NA,NA,NA,NA,NA,NA,NA,NA,NA,NA,NA,NA,NA,NA,NA,NA,NA,NA,NA
M14,-1.54383328895787,-2.82220952928999,-1.06064171141987,-0.535714029555592,-0.0378228225175788,-0.508776051985718,-0.882093641694989,0.232829641184165,-0.988234733838306,-5.20701901723999,-7.20519030497104,-3.43234503959335,-3.91441959694375,-6.71532669983656,-7.18586297198592,-3.49973524107099,-3.4636962830595,-4.43085886194996,-3.40269537619438,-1.32328325965837,-2.34212130622053,-4.27697406764788,-4.69984910246739,-2.52601918484539,-3.9762540470923,-5.50833943341676,-3.66338830109898,-4.14801592775124,-4.44108576919217,-6.36426399852099,-2.76873835401368,-6.46812109396863,-6.35297680651435,-0.494288055692939,-3.60891787123036,-2.6387830394042,-3.89309114582367,-2.0921312677612,-1.30037926285258,-3.91680559541696,-3.84921186774491,-3.97297591906022,-2.3206789592885,-2.72104141998631,-3.17252409983428,-4.27424011175372,-5.51959844279843,-5.7759169874353,-6.62827050248176,-4.50925618130828,-6.04370246259733,-6.69478140768805,-6.54661549058188,-7.14178389547468,-7.90137318091802,-8.33436483125304,-8.1132867682102,-8.75839253701616,-7.69127720468311,-8.05446317428149,-8.305836279942,-9.18203341822522,-8.2220001923093,-9.2737786680544,-9.46409030697111,-10.6582743520373,-11.0711521238783,NA,NA,NA,NA,NA,NA,NA,NA,NA,NA,NA,NA,NA,NA,NA,NA,NA,NA,NA,NA,NA,NA,NA
M15,-3.36264292564678,-6.23081927164356,-3.12635585202677,-2.07790783797237,-1.26147461949225,-1.88098264017011,-1.93254380874517,-1.3454434672665,-2.65232901987279,-5.76297616747435,-7.22008114013494,-5.56513518979237,-6.09571661166875,-6.80870711470302,-7.57516218173589,-4.9555938593673,-4.87461093319425,-6.2196962203553,-5.92484278991384,-2.24731742541254,-4.30884418430804,-6.53886322572803,-7.13576300580695,-3.55728634655899,-6.23364383457466,-5.70923123195846,-5.2885268885003,-6.35267894979707,-5.74308282095474,-6.65892757920421,-4.69476641909537,-6.68123646807427,-7.33687406841849,-2.13311295721205,-4.09992327382408,-4.25428696804338,-5.07376549021864,-3.14476814772352,-1.21670337882403,-5.07891692665777,-5.49290607069736,-5.99543459821455,-3.23777941270309,-3.74424633091616,-5.02161797302716,-7.30263434132257,-8.4289606387994,-7.73635447564987,-8.42147577897687,-7.08082038231309,-7.45694923105359,-6.3095445689533,-6.17401764768342,-6.82198854666255,-8.11872017812789,-8.05188993666946,-8.28367376927554,-7.62635699854254,-6.99696949973715,-7.12413488502421,-8.44706381471294,-7.9934398726196,-7.83697650925337,-10.5145860212236,-10.5787517201769,-10.6784186091997,-10.1333161754899,-8.14471154037835,NA,NA,NA,NA,NA,NA,NA,NA,NA,NA,NA,NA,NA,NA,NA,NA,NA,NA,NA,NA,NA,NA
M16,-4.94486094380591,-7.84279103560892,-4.82095454186328,-4.23204873158866,-3.89690507330681,-3.89139688684446,-4.08267886490606,-4.06190357585137,-4.50465967310692,-8.03229854435322,-9.66900424046105,-7.34916572429767,-8.36158153685256,-10.4225797012197,-11.0206274659665,-7.73224198578095,-7.43719531507862,-8.3919525569878,-7.65046841943662,-4.67381908552235,-5.71128258852565,-8.19305531401539,-8.77185934620925,-4.00980379569123,-7.89711099406719,-8.31883195353627,-6.5078286720536,-7.66472508463128,-7.31505991217788,-8.36841548099813,-8.2244206981697,-9.32859729613686,-8.85048823291354,-6.12124321518764,-7.72730419278064,-7.2180413223058,-7.37865958593338,-7.09979375865942,-6.86717948913906,-8.27792846240131,-7.69531232124953,-8.04141649863743,-6.8759012227682,-6.64098291962246,-7.31990259219858,-5.32058868061918,-7.61106964301749,-6.81362992560425,-7.42099814526601,-6.30254137216995,-6.9663602416585,-9.87016356508363,-10.1594419439499,-9.9511652161805,-10.9145886282444,-10.5478044894787,-11.0884303465764,-10.1180309564422,-9.72383924801236,-9.52348843150355,-11.4494830774117,-10.3031587784894,-10.7314097130608,-8.03251378077562,-10.6468241111929,-9.48803942411558,-10.8964198833052,-9.64024254644522,-10.3093774623806,NA,NA,NA,NA,NA,NA,NA,NA,NA,NA,NA,NA,NA,NA,NA,NA,NA,NA,NA,NA,NA
M17,-2.66297207937754,-4.11378250591907,-2.63138476325276,-2.97219561810846,-2.77638313019549,-2.46155719882306,-2.90135449699264,-1.61058603216421,-2.49093537629834,-6.65660379042536,-8.41640781558925,-3.77705516834752,-4.46744684147301,-7.91999463270518,-9.27363030000734,-5.00825735366383,-4.02673777098022,-5.47354997871394,-4.32916195934751,-2.4022470849028,-2.91517631874563,-4.13910890048075,-4.55658404320663,-2.71549991125925,-4.27195562924986,-5.78169392134201,-3.1299682633462,-4.50775272138148,-4.83106006631718,-8.07560050489561,-4.62884524109917,-8.23627804077744,-7.89617595985774,-2.90758571311432,-5.36863388014375,-3.78960375471528,-4.50171643808558,-3.28503869236358,-4.4204814493385,-4.00675365644511,-4.02220203792846,-3.61894744533401,-5.03552558716654,-3.91539393918192,-4.38463282817852,-2.1067846919477,-4.14081823956867,-5.0067291030762,-5.83838847565092,-3.27772507007665,-5.9754792143002,-7.54537610964185,-7.7384368517125,-7.75043652901929,-9.98396354766022,-9.39360233349256,-11.6466388452104,-10.88836731897,-9.47355353901306,-9.79197357501477,-10.7153517804378,-9.93541472913144,-9.70317770814201,-7.20183316389153,-10.6377534452606,-8.21263928513018,-9.21424607652546,-9.35423916545678,-8.37164958916341,-8.79861676781431,NA,NA,NA,NA,NA,NA,NA,NA,NA,NA,NA,NA,NA,NA,NA,NA,NA,NA,NA,NA
M18,-3.56866260127223,-5.67130988023192,-3.37165607875754,-3.13373141763855,-3.03301490618706,-3.03924366774945,-2.84488960062283,-2.49265815360865,-3.19422857480458,-6.82648986401318,-9.06812698232037,-5.19428991010673,-6.02929421997595,-8.23688598525426,-9.34959162335781,-5.74052628801034,-5.67348195056748,-6.7796351720972,-5.21545862844845,-3.33309404439447,-4.08631233002523,-5.69304233588318,-6.25900959058205,-3.72889553828079,-5.51159821501346,-6.85565536328325,-4.21278700934209,-6.85329254557042,-6.56215937967849,-8.26747826393678,-6.27033251940206,-8.2973502084188,-8.20898092829174,-4.53693163411727,-6.31092946695864,-5.50124409476772,-5.57271122054217,-4.66029964605687,-5.15514887447559,-5.11302981996974,-5.36995239041231,-4.75855948696496,-6.08960263801152,-4.68495267488334,-5.2543683601896,-3.64795246396131,-5.91061472151888,-5.70594526481111,-6.91890839106837,-4.93590003109406,-6.12529603398328,-8.86299907588484,-8.87787453479541,-9.02118837997897,-9.80848657019652,-10.9060750054693,-10.445839200592,-10.6812275859413,-9.62678375899706,-9.74150279935684,-10.6853121060366,-11.1866714889634,-10.6883485878517,-7.81903086471105,-10.6583878434514,-9.74900765406063,-10.9392625370813,-10.5066515825605,-9.44158728995353,-9.87709433858742,-8.5716045837204,NA,NA,NA,NA,NA,NA,NA,NA,NA,NA,NA,NA,NA,NA,NA,NA,NA,NA,NA
M19,-7.80509807252948,-9.24139406784047,-6.3678638809898,-4.69605948191058,-5.10767286223631,-4.36911825669119,-4.26690936937378,-5.46751297772551,-4.41742610091512,-7.74144185496452,-10.8633889630588,-7.16826521301273,-9.40073134732779,-10.5438112352202,-11.1736229343581,-8.59813050196767,-8.4657514261155,-9.16537690765501,-8.85245244194313,-6.95813146026461,-7.76698982388328,-9.20801593725646,-10.3223633223167,-7.46011459793877,-9.06212304558109,-9.81111131509782,-8.07640082564993,-9.04249428334853,-9.40640466512793,-9.05075637544872,-9.11853447511878,-10.3108612154639,-10.1511966597229,-6.87162653827775,-9.17840256873702,-7.84726999337073,-9.26903318593052,-9.56595574139345,-9.45069805415154,-9.83962882532468,-9.77382197143012,-8.56871926470997,-7.4121494419083,-8.63923814008989,-8.6131896466404,-5.50900966048666,-8.02033448752358,-6.9092719519352,-7.94685676623458,-7.4952152626145,-7.146418669264,-10.422979712817,-10.273457727762,-10.9285140787342,-12.8810251190466,-12.3204792212372,-13.0347033626575,-13.0652495830104,-12.7512744747339,-13.0575733279243,-13.9925350378486,-12.989963746065,-14.0548565982855,-7.92671368613183,-10.5694327292276,-9.84750962658678,-10.1799920979843,-9.72805746386123,-9.79463310129496,-12.114136152742,-12.9136165332709,-12.2519524277954,NA,NA,NA,NA,NA,NA,NA,NA,NA,NA,NA,NA,NA,NA,NA,NA,NA,NA
M20,-7.51879647054251,-9.28411363970232,-6.50204446734828,-5.11129897426582,-5.16773625892878,-4.77058453683346,-4.85921505100624,-5.95894485439598,-4.74439034519574,-7.78679511559517,-10.6423114148256,-7.94438950041364,-10.0046995181023,-10.9089920234872,-11.2715122165317,-9.32985047206389,-8.94023094440071,-9.33513368174934,-9.11510937377557,-6.75701759747391,-7.30928423062996,-9.55634969556692,-9.73981874945285,-6.66376216941727,-9.3855419941175,-8.86949878812927,-7.9206009445886,-9.05932805100037,-9.37425360469751,-8.45060464785437,-9.72549853987177,-10.2936000828889,-9.69003742640017,-7.11447562176784,-8.75934493190342,-8.51030563506047,-9.7617049399914,-9.69190417100036,-9.26127238861171,-10.4125943933357,-10.0989260013853,-9.40829182503441,-7.8528931302244,-9.21309825865895,-9.62353187976863,-4.75484621926512,-7.40443100720516,-5.30629103652677,-7.02086399304782,-6.53154809288968,-6.67580394330047,-11.0977128605146,-10.4037630595489,-11.2612954208083,-12.0398988525779,-12.2822256512054,-12.0836848712745,-12.2992382236382,-11.9527016688909,-11.9916584998564,-12.9223645078842,-12.0017252608628,-12.4081328485551,-7.78585401454854,-10.575284770946,-10.3858383264886,-10.3605307671233,-9.59247543806237,-10.188268812967,-12.4232339270584,-12.0830881542323,-11.7346502209664,-12.0522803244489,NA,NA,NA,NA,NA,NA,NA,NA,NA,NA,NA,NA,NA,NA,NA,NA,NA
M21,-6.72348831611241,-8.2466025297879,-5.53767741712488,-4.53903272942844,-4.19511867553673,-4.31409865507304,-4.28653721069547,-4.95365696319268,-4.55493490812974,-7.2589948565639,-10.465964577528,-6.62408860699811,-8.18337719025607,-9.71630914298171,-10.9158806526935,-7.78965910270656,-7.56315390311595,-8.34515397739719,-7.45434290335649,-5.41221532067747,-6.54801164490042,-8.40986119992189,-8.63165634661433,-6.21307689319394,-8.12436062981389,-8.27416771835219,-7.2391496021986,-8.1258690087231,-8.06418888322299,-7.52621800436579,-8.74984014814621,-8.77786319333384,-8.84297795416825,-6.71025849360464,-8.12361192606591,-7.37729450393822,-9.36050241936626,-8.07784752757097,-7.47859485582275,-8.63201761102891,-9.45363410839416,-8.58719366798346,-7.16316789741849,-7.57465221357232,-8.3194158579426,-4.48724150198583,-7.17002905527893,-5.44612751287564,-6.89370123543453,-5.77876033080991,-6.03993387868333,-10.0664833737992,-9.44250815785016,-9.60580654336263,-11.0184360238753,-11.1741370324314,-10.0836202757889,-11.1164160068354,-10.2456545729915,-12.314710806887,-11.0243884581911,-10.8883792733438,-10.7813774782491,-6.9481598451937,-9.81895799278561,-8.64120681031869,-9.21623987331033,-7.68202653936052,-9.00592392150318,-11.0540906010298,-10.0754074115746,-10.0938145812752,-10.5383201794995,-9.97779103773054,NA,NA,NA,NA,NA,NA,NA,NA,NA,NA,NA,NA,NA,NA,NA,NA
M22,-5.99053427741657,-7.23675552951324,-5.30723427853196,-4.15814441357031,-4.20090320810439,-4.31272956782572,-4.27139249371259,-4.79230193507697,-4.06278501775459,-7.3291448410973,-10.2560215889581,-6.25635361362662,-7.74586705393941,-9.79175759815448,-10.6492903798211,-7.17301845478036,-7.23779665624412,-7.79639042955099,-6.98832470455147,-5.19306608549913,-5.92404563657766,-7.54764868269271,-8.44335086521078,-5.94498280575401,-7.36458014494343,-8.19536563696283,-6.00131414758564,-7.51801901084707,-7.83558412612618,-8.7037814717302,-8.46112272171282,-9.9389735694964,-9.30798016457637,-6.45937382506296,-8.17637871059713,-7.29695920304818,-8.24538761764175,-7.99072368985956,-8.0674971260471,-8.18752559707324,-8.89120943433081,-7.62319499246685,-7.19929000012976,-6.93104568150849,-7.60710575359625,-3.7516426923106,-6.69472432260678,-5.37310770504531,-6.72215853301004,-5.25643235237701,-6.32501370822017,-9.99867833507318,-9.58310128058129,-10.1404854266414,-11.9292033101197,-12.036967143422,-12.4870000395031,-11.7706529856088,-10.7950837595818,-11.0586540906621,-12.5357339169252,-12.582514597188,-12.2221409997344,-7.88066150299041,-10.5406031355089,-9.11562956621291,-9.98739432373656,-10.2669748269479,-9.56342787292081,-11.5718499439105,-11.0621897071025,-11.4256821257798,-11.7333197086574,-10.6052665702851,-9.3697191553768,NA,NA,NA,NA,NA,NA,NA,NA,NA,NA,NA,NA,NA,NA,NA
M23,-6.46680581797995,-7.90632114104297,-5.12552479196995,-4.51080016924791,-4.14302514222269,-3.93045087234375,-4.17367984350101,-4.80007807900443,-3.88056563605009,-7.06408673601792,-10.120623311975,-6.21877031583162,-8.20214818466966,-9.38513418987892,-10.6398190032386,-7.96122183161707,-7.83617022766992,-8.13813540438178,-7.23866009135606,-5.6816349020011,-6.49480455634286,-8.16316690772764,-8.86234053651154,-5.30216354159687,-7.94635466339666,-7.89689764238422,-6.72923785796403,-7.64029829315451,-8.34949082596547,-8.17047669325187,-8.70347527626839,-9.37501139912921,-9.35343636169912,-5.87831124870017,-7.97715447474028,-7.07273685623716,-8.26823286951483,-8.34716156602744,-8.20972168500752,-8.83141051592425,-8.79462942864738,-8.63206561656909,-6.80614795082037,-7.54877456419338,-8.64922310363215,-3.53281761474991,-7.0537654825797,-4.93050122178716,-5.97755202759872,-5.37746718795543,-5.68378155756838,-9.30593448802098,-8.69207421242646,-9.91648668643227,-10.9630741044549,-11.7298416210242,-12.196623582382,-10.6895789403314,-10.1478443384825,-10.511832572521,-11.6167575206678,-11.5426985828603,-11.5108344561713,-7.14380375446075,-9.6001225968698,-8.64262773520083,-9.539632718457,-8.3761818173596,-8.91748202895095,-11.5344905107716,-11.0433079475444,-10.0045059190972,-11.1994539518155,-10.6112781088687,-10.4000718969314,-11.050695049952,NA,NA,NA,NA,NA,NA,NA,NA,NA,NA,NA,NA,NA,NA
M24,-4.09310755378328,-5.83957485742259,-3.61769219521311,-3.3285198786417,-3.16673605594133,-3.04926954726219,-3.39750030590504,-3.2499641504984,-3.27253525942803,-6.84069143225673,-9.21007867271365,-5.10017724223929,-6.85313446760266,-9.07843145682376,-9.5765669356978,-6.29266492122075,-5.84954814615121,-6.63628066291322,-5.09510198654319,-3.87011295668707,-4.78056085921177,-6.20781461621762,-6.92333660804684,-4.40946632416003,-6.60548456131583,-6.94630467289731,-5.40002578511616,-6.12224973374873,-6.38914777273118,-6.98661141189126,-7.27618020839333,-8.21750586570585,-8.27755758078916,-5.2239590684035,-6.80639998307387,-5.48179537007602,-7.06849186253677,-6.37471728309561,-6.82204860777482,-7.27160787764856,-7.50658657999749,-7.46194799433771,-6.78333995754616,-6.27056403349015,-6.96020573263545,-2.24049810862948,-5.87919288833283,-4.18566829289005,-5.49992290728469,-4.13524569987112,-5.26549170911853,-8.36585342824195,-7.68594493938974,-8.79772090212512,-11.710612897572,-10.5902629133031,-11.4748230476452,-11.4828784147729,-11.1246753468982,-11.0578005294708,-12.178792397528,-11.8276042055172,-12.5901926785679,-7.61026540950327,-10.3534165049169,-9.22722917753895,-9.96831697281876,-9.43639193595511,-9.15881357678737,-12.1610839074527,-10.5689383091059,-11.2379794408045,-11.3830278456714,-10.9699000009184,-9.96513070847047,-10.8049849759097,-10.1217443317217,NA,NA,NA,NA,NA,NA,NA,NA,NA,NA,NA,NA,NA
M25,-7.26283032499069,-9.47421062326926,-6.2799624585636,-5.34968141259037,-4.98479594376995,-4.87277496442142,-5.13151804299929,-5.74742921744419,-5.40065982646823,-7.75266331388936,-9.68012906605092,-7.64374140597525,-9.68665321844338,-10.0664106626993,-10.9678308419253,-8.42891868890116,-8.53881191180885,-9.27090074390232,-8.65989339426574,-6.45721171740786,-7.33042915649847,-9.17089924862272,-10.145461851131,-5.98714802872011,-9.36303712172313,-9.48388935848886,-7.26565880498746,-8.79322163887544,-9.45878419206165,-8.46753611521644,-9.10522378921308,-9.36922888177099,-9.10836183165444,-7.27275974529178,-8.28621965706899,-8.46488179399595,-9.90185092530957,-9.28367719322265,-8.43868975570646,-10.2331381983578,-10.5407108943509,-10.3978362078821,-7.81701532725964,-8.40953250104489,-9.79817078519678,-6.04346898268825,-8.67453434854575,-7.47410128627513,-8.87237009371244,-8.61299070049608,-7.97405154591664,-10.7235285347448,-10.5609999468416,-10.796505261289,-11.2756135566504,-11.5264813380003,-10.8583723523375,-11.4564966092448,-10.1340156055909,-11.0575805701154,-11.7658143843501,-10.8581828062174,-11.3991674633421,-8.60003277353201,-10.7518924341547,-9.64640260011271,-9.63249002320069,-7.88633831793326,-9.91227730996956,-11.7972243190627,-9.48808177042076,-10.3449777328608,-12.7226747578756,-11.4717243042247,-10.5114551770858,-11.2649698768259,-12.1024166668602,-10.8825047158,NA,NA,NA,NA,NA,NA,NA,NA,NA,NA,NA,NA
M26,-1.81188571878961,-3.08574646845826,-1.55913695059607,-2.08428002132797,-1.75775620246445,-1.57471066790854,-2.31537352338031,-1.26800375766872,-1.62181683653951,-5.79635900895499,-7.53092797342054,-2.44652622839633,-3.02541885325122,-6.59353292011202,-7.68537228282506,-3.47134280685419,-3.08424250935223,-4.58318422575378,-2.81268140098009,-1.69622473221219,-2.14596689665902,-3.0719756266295,-3.58204112491615,-2.40949549833895,-3.59404787864648,-4.87328395346343,-2.35176934166153,-3.29432671066051,-3.54895897158457,-6.37542890059706,-3.97101096701215,-7.12635211067403,-6.90443793332587,-2.08365952202937,-4.39777813615755,-2.70759824213289,-3.25851056113984,-2.56383638241617,-4.21378871131008,-3.65005865511989,-3.83948324527446,-3.15112430255988,-4.08141757508622,-3.41456488191052,-3.7500993148454,0.124919455749193,-2.73518457971898,-2.1969415688398,-3.42017540246238,-1.32940012487437,-3.58674692062302,-6.51407610257967,-5.962301247686,-6.97095574279642,-9.12271358002357,-8.36348494931909,-10.4309940544783,-11.7181873924462,-9.75567469863582,-10.4593248994449,-11.0826239639652,-10.1277560423463,-9.73842098710367,-6.58636812054145,-8.88607448583093,-7.66445459838465,-8.44723292499606,-7.71180385022536,-7.11200986042855,-9.68050103691736,-11.6798809621088,-9.20445146747658,-10.525271269004,-10.2379457081684,-7.88921963557257,-9.09230183076987,-10.1083486037062,-9.2053364348062,-7.40718099081229,NA,NA,NA,NA,NA,NA,NA,NA,NA,NA,NA
M27,-5.22374527051209,-6.50154043181266,-4.17216535480411,-3.90933258204622,-3.79315727300823,-3.32627068194548,-4.00136669559056,-3.71612871744604,-3.53901907970122,-7.37742610331763,-9.84427899558199,-5.2712683041745,-7.10660072361188,-9.09764299014338,-10.0339661169644,-6.86256687516313,-6.33206935194273,-7.65050882282993,-5.72123568476053,-4.2078733616699,-5.29578364519037,-6.48595065786888,-7.05267861559064,-4.739631370113,-6.63771987877748,-7.09558352023466,-5.52104108119866,-6.18524761564862,-6.796301487059,-7.95170720483661,-6.60822907352536,-8.79557288494223,-8.86032040660574,-4.51161573280051,-6.65756056543783,-5.79454870137709,-6.19562832362869,-6.12537853047434,-6.52474176354101,-6.78939349705391,-6.95581943873505,-6.25112741661898,-5.55161259814768,-5.91116244506911,-6.68659072724604,-2.73802793039848,-5.40383580383683,-4.31906090001195,-5.59520173113243,-3.99993411767399,-5.37922248018576,-8.98707783858028,-8.59123988280401,-9.26651935667254,-11.4944617393804,-10.412932200698,-11.9598522784245,-11.7228041180255,-10.7830000471964,-11.1834330462846,-11.9479830788753,-11.9396976666802,-11.8193867623607,-7.93356397180809,-9.84134521437926,-8.89454411283619,-9.23011875394769,-8.84681322577491,-8.6824793837102,-10.8494480957185,-11.7120399101282,-10.533175630207,-12.1011897556782,-10.6034949355095,-9.09047666816231,-11.0317239888015,-10.5939820602935,-10.9073158669494,-9.14680800713311,-9.84935822455971,NA,NA,NA,NA,NA,NA,NA,NA,NA,NA
M28,-1.66373477255307,-2.85308371721865,-0.697079170093707,-1.38943483122161,-1.10191534382645,-1.020148835304,-1.51572651551662,-0.456272727913413,-1.05482521705861,-5.75434101923693,-8.19315250879459,-3.77789434051143,-3.7223138999734,-7.33125112687458,-8.21266410412928,-4.09034570703143,-3.83264184337332,-4.72362621510056,-3.65614441439304,-1.20598486720846,-1.97076682886608,-4.08954439201402,-4.55242838738343,-2.4986703721919,-4.19227339624518,-5.74754262669432,-3.54006832521965,-3.61101309255662,-4.08655451146652,-7.22383854776413,-3.99924149435703,-7.60483795534891,-7.75026132171635,-2.01276967806593,-4.67336200806952,-2.43465572262281,-3.85166306476001,-2.23421807221482,-3.93213845856992,-3.40528138094156,-3.40563027378538,-3.10777348363267,-4.12579282613963,-2.88088392646227,-3.81573995270282,-3.10540429773216,-4.7521186833051,-5.2351622602791,-5.90954907895624,-3.40928837452012,-5.79763349503283,-6.67202258139891,-6.76759938539986,-6.98907908455354,-8.64714902666716,-8.3719014337062,-9.55388433877141,-9.46933357172509,-8.98599824481693,-8.39960095813439,-9.48297500972034,-9.88780954596911,-9.19537938749403,-7.13995206019906,-9.87076227284513,-8.25795483260172,-8.9296746845943,-8.48374455488627,-7.83511429695801,-9.35473064951779,-10.4806462322514,-9.57889527751784,-11.4687946789556,-10.7371875235023,-8.52875434865357,-10.0382667288398,-8.8840135149927,-9.78230374932944,-8.51305317551689,-9.36909891635357,-10.121604987922,NA,NA,NA,NA,NA,NA,NA,NA,NA
M29,-3.42032389742684,-6.92893022958292,-2.87830526823384,-2.83506710969575,-2.2804884973075,-2.32197342440471,-2.44498731202656,-1.74878895027574,-3.04405634459174,-6.84086615654037,-9.10081355148056,-6.99728770479387,-8.01189993133823,-9.05002520544915,-9.61920010609388,-7.37372117274633,-7.11013363031311,-7.5940209116964,-6.48580928872362,-2.85271486161477,-4.2169473920922,-7.31812553014855,-8.32687288648119,-2.64274401732931,-7.94364842665487,-7.30880844451887,-6.83625735287951,-7.13882751416732,-6.87740078340492,-7.53645987617892,-7.03317765109304,-8.00153689689111,-8.2850001141425,-4.88116941293126,-6.39386897705415,-6.11334878835876,-7.31357010662321,-5.40950678612292,-4.76303462251916,-7.32937262614596,-7.59990872890265,-7.97638713685645,-6.24685251070002,-5.44228905110284,-6.37569317546304,-8.04150440684464,-9.83390745800028,-8.09247850282439,-9.08109827860044,-8.31629958715022,-8.74051240844501,-9.06050566906614,-9.56293866770817,-9.5415871530907,-8.65352827520899,-9.08177685279126,-8.94450410450227,-8.15082532823929,-8.05004495004529,-7.7149857266366,-9.38707449446518,-8.71968686073461,-8.68067505111441,-7.95194169782593,-11.0242571150419,-8.42332231465534,-9.05082336512765,-8.44756608988199,-9.88904957115349,-10.6032658115176,-8.10679110635547,-9.45458515398035,-10.6290580122878,-11.1834430600785,-9.40044587990422,-9.9783388534212,-9.89984694177395,-10.5156428398052,-10.2628249287007,-8.1597035480106,-9.0952001172335,-6.91904488257337,NA,NA,NA,NA,NA,NA,NA,NA
M30,-1.54099906405476,-3.30446859810456,-0.813012513551651,-0.764814163628032,0.147464561159114,-0.861032273220216,-0.924709550738009,0.202282802572392,-1.1364242772531,-5.80170941321598,-7.77881912674543,-4.03328038557672,-4.4159824676098,-7.20096627905712,-7.79073861620252,-3.90740367499844,-3.985589701109,-5.08486241199483,-3.59977741436365,-1.31432392708182,-1.69717966966639,-3.92074698516152,-5.08569851488278,-2.31585102512948,-4.21073790381779,-5.39994897016016,-2.56172968864034,-4.88089011431937,-4.8888671359553,-6.9330792784869,-4.95871509821565,-7.49198967841907,-6.98046748865008,-2.26312135711018,-4.44462676051295,-2.75878811164911,-3.91770680424076,-2.97134074423657,-2.93571610922512,-4.1270333981532,-3.90035679851924,-3.53175166792496,-4.28865676205387,-2.70865444547911,-4.08558988722003,-4.64148274877451,-5.90097889589384,-6.16822655434889,-6.49353144135515,-4.65877191875845,-6.28443950625263,-6.70832754962711,-6.18773545574929,-7.39512530381219,-8.67468714111387,-8.94919478943692,-8.9317473005679,-8.59170231517488,-8.02537963747592,-7.70763972308099,-8.8244368288729,-9.40526818061032,-8.99644040334153,-7.14490592937094,-9.45138598366784,-8.82943062256606,-10.2469873187323,-9.65055295487638,-8.80643083809627,-9.20871220910722,-8.75993061471995,-11.2800070424584,-10.2267655962218,-10.7140666035185,-9.65529781305863,-10.5399146567989,-8.73882572945612,-10.5412823464255,-8.75034166683237,-8.28398680941727,-9.17337204886402,-8.15638812471458,-8.51991182190695,NA,NA,NA,NA,NA,NA,NA
M31,-2.4001605559898,-4.17413422224599,-1.46516066727153,-0.939121648415053,-0.616930617390888,-1.21152303233332,-1.03758073793031,-0.564993208412136,-1.47757159385016,-5.17468280933948,-7.69544468592042,-4.68015315175186,-5.27984375726238,-7.33793268811865,-8.29907434783336,-5.10835793799563,-4.90491331695875,-5.8293346200773,-5.03912722585655,-2.22710260559976,-2.78279668354645,-5.39916380246423,-6.77655886157183,-3.16781560646886,-5.58873456514227,-6.73325999277596,-4.40430000335147,-5.62458584617591,-5.49553828914369,-7.42609587136875,-6.11431623639417,-7.49858912097142,-7.49866968465141,-3.41293749518069,-5.15497527746844,-3.80808337530978,-5.65481121330683,-4.65953852506155,-4.93536144724646,-5.57391748184819,-5.58700837816669,-5.28323654397367,-5.09257555836545,-4.19865878171512,-5.5835483680183,-5.5721323195624,-7.68552599649488,-6.30189941694295,-6.79453533966958,-5.58075259894245,-6.53795570271721,-6.65812034583232,-6.61783468504051,-7.71458918337987,-8.68396313539846,-9.11122191294606,-9.49877439766397,-9.11857496693943,-7.99415506602827,-8.13131774581232,-9.70938168576369,-9.48492609905765,-9.26211841560783,-7.88754799006975,-10.9486868257589,-8.10561017622754,-10.2778159106363,-9.77898101668322,-8.86215553280937,-9.92459274214777,-9.93224160095305,-11.0217365541426,-11.1539067881963,-10.7097943299095,-9.81565591622254,-10.7012576678165,-9.86957946091599,-10.9590694123842,-10.1326614129757,-9.32704111915714,-9.63617550501582,-9.20378605712719,-9.61185611200536,-11.4226090580378,NA,NA,NA,NA,NA,NA
M32,-3.89090935309018,-6.83898697348039,-3.07517863444356,-2.20923883619157,-1.62661175998655,-2.32132731702105,-1.92784334327388,-1.8403941818775,-2.6932690413566,-6.07683677374094,-8.37503252119378,-7.0847808525178,-8.28407121990244,-9.0129603263075,-9.7158192895193,-7.4054148080402,-7.40831460750154,-7.45080241073345,-7.67779625629626,-3.5446702163087,-4.80591905775568,-8.4035425928,-9.6836663243783,-3.86903631524785,-8.6920613736267,-8.35355337502512,-7.71587839116175,-7.92660851804851,-7.40985339048539,-7.72354721909134,-8.00578650098482,-8.33658401904817,-8.97033027572565,-5.56322684031644,-6.76834053014896,-6.34573182819187,-7.74717723671377,-6.54369453726347,-6.04635710754488,-8.08280687283407,-8.08485164862797,-8.70914839351323,-6.54382058286652,-6.09357342717044,-6.88164873828773,-8.21412105865914,-10.1605592015817,-8.66159065427813,-9.82113337120221,-9.43065689081379,-9.60822239276319,-8.56937011893679,-8.34592167144004,-9.35960956533614,-8.80405015778988,-9.40391698356509,-8.82593687311497,-8.10597606229328,-7.22907611317377,-7.92633329647893,-9.21446640916424,-7.90526925147106,-8.84731616942167,-8.57651177410149,-10.6945744314431,-8.19817532107214,-9.88427403861123,-8.41071987528233,-9.60656535491156,-10.512482756084,-7.68058768534293,-9.60693343840769,-10.5353461869051,-11.0538475288683,-10.0372136255657,-10.4872388108925,-10.053021417422,-9.81373803157073,-10.79768616615,-8.27364428356728,-8.8876702838427,-8.15509652457384,-10.6603805820331,-9.36354043096626,-9.24814201601603,NA,NA,NA,NA,NA
M33,-3.05718678024131,-5.75220638895642,-2.55425847148377,-2.78710141621722,-2.29769746082215,-2.14042844639749,-2.21990786078904,-1.6933738347772,-2.34867334648557,-6.86052709806324,-9.1444188651158,-6.05780028401511,-7.38538522033103,-9.01964417015436,-9.48554245125305,-6.78561481779206,-6.03166044115072,-7.02394673470203,-5.92197196215012,-2.3546060770944,-3.72597603944618,-6.8102369881857,-7.75258898741205,-2.37906234096167,-7.12951566595931,-6.74722702573294,-5.70189838336083,-6.30681897896229,-6.23049952831512,-7.93753801406316,-6.77816184020129,-8.52118749351084,-8.97379575412676,-4.16853495326345,-6.33415579742663,-5.1522676605706,-5.99660818157928,-5.15079624967619,-5.22767982278935,-6.79038193351861,-7.06504446375668,-6.72339810448939,-5.71729414602605,-5.19492422111829,-6.11928604138117,-6.32723467180069,-8.1363335132214,-7.00883011738579,-8.43873580718249,-6.6577100156934,-7.6763366382469,-9.36320022532449,-8.69882311274817,-9.62361420979041,-9.26977164857327,-10.0595454765955,-10.3575093895637,-9.63859515271755,-8.90059100283979,-8.4293747199768,-10.2323217054202,-10.0729178672029,-9.57494975186222,-8.63410699726767,-12.1642467812426,-9.11384414198734,-10.5167259354709,-10.1037183386888,-9.91603278259316,-10.2194027942799,-11.5209440270189,-10.944964233295,-11.1130289304085,-11.6175214686047,-10.5499462496504,-11.3754425460699,-10.7750494311299,-10.7686049979046,-10.6755148969053,-10.1393548530787,-10.5470966325934,-11.5415203988287,-11.1464499200047,-10.2186208552276,-9.59710748209899,-10.2144364015355,NA,NA,NA,NA
M34,-3.51950689410039,-5.27568430003868,-2.65359951755261,-2.54536976567905,-2.3770025693114,-2.65096801092978,-2.65128728869118,-2.09027980502281,-2.63325411980116,-6.79598019229384,-9.48066860587332,-5.4311874691439,-6.0940388368773,-8.76834784929893,-9.14029043563291,-5.88425845224475,-5.70800072927514,-6.77520861413722,-5.32329136105795,-3.15003177645915,-3.42778844639339,-5.73025823063952,-6.78792738827068,-3.88620546270319,-5.93277890121101,-7.32759553273678,-4.51003480186989,-6.18141296809086,-6.44665673416343,-7.62550287574871,-6.94799325129049,-8.31959062053592,-8.28667575366078,-4.64786182048637,-6.60306309337597,-4.86552466333448,-5.79348944562397,-5.69775614685782,-6.20479724073926,-6.60156526533991,-6.33077254535424,-6.40096021369535,-6.70836022569653,-5.19060917034826,-6.23924594672992,-4.80287427736781,-7.08622353705878,-6.10950868564794,-6.90131819150328,-5.32548374760075,-6.71321960251306,-7.99351518557485,-7.99518791434678,-8.64947425765571,-10.8101608335788,-11.0404816999789,-10.8631693618366,-9.78214655047927,-10.6037002487858,-9.46702487232321,-11.0334763618925,-12.0633550015834,-11.8056879064609,-7.85918476578564,-10.138153773506,-8.57991036139565,-10.2252977667658,-10.1622631683146,-9.06438828365376,-10.6251272381517,-10.1220594264977,-11.4809473792822,-11.4914195118954,-10.9787831311384,-10.471329297184,-11.252070667107,-10.4421375284,-11.9396371638299,-10.1920753419985,-9.79937581763227,-9.79093725753146,-9.04783630956445,-9.63038893991171,-11.1282750599439,-10.8249977338179,-9.33412072164977,-10.4981663146757,NA,NA,NA
M35,-5.1429086265302,-7.40326590409153,-4.22416254888123,-3.69073144427049,-3.47917008633776,-3.62366110903717,-3.71092436091157,-3.325800725968,-3.96446605571903,-7.42331100533741,-9.98681877022747,-6.58591975190006,-7.50251156879575,-8.8439102592956,-10.3327301952245,-7.07828320872625,-6.66106240390202,-7.92644457199379,-7.25530806115176,-4.79383808770553,-5.71079881784181,-7.45001191243875,-8.15978460640358,-5.014469426785,-7.06000032688929,-8.22443832473117,-6.13099874353634,-7.18963611314022,-7.50837294488756,-7.9488366528729,-7.83056972471674,-9.08670604809466,-9.10402922368618,-6.0359979561471,-7.7203483580426,-7.06556450193913,-7.20443569152281,-6.62470968219806,-7.22853917603736,-7.2845948789002,-7.71306223027419,-7.82815187067518,-8.18332692295995,-6.9032804137291,-7.69020435737611,-6.13758843831229,-8.22558247078259,-7.27983385854648,-7.72695598915527,-6.70403575915078,-7.91597949367677,-9.47590283728237,-9.98169256115353,-10.2020679628224,-11.2834942221193,-10.8163915186773,-12.0551245659909,-10.279547096945,-10.2593420543909,-9.27695345354466,-11.9934864917179,-11.6966604743356,-11.3997753572244,-8.46248683577116,-11.1466323371501,-8.92077457537614,-9.96328990446133,-9.64973702494682,-9.27247448023636,-10.9642246968042,-9.81190422227946,-11.1967808287562,-12.175829172415,-12.2033986862875,-10.6060267149906,-10.7882328348585,-10.1467059416102,-11.9910214951741,-10.4365344391806,-10.2150234764975,-10.2807042193326,-9.45992061748997,-10.2863582124868,-10.5229478294114,-9.369767560841,-9.35593039813758,-10.4143362742317,-10.5786349370647,NA,NA
M36,-2.19340618575398,-4.26962639301107,-1.76606825639923,-2.13333793329273,-1.59742976040117,-1.67841544798752,-2.10927520530649,-0.821491825151604,-1.86226484296501,-5.97153151570316,-8.24461338289282,-3.99429782979332,-4.33349039680644,-7.69493031318556,-8.1159455673827,-4.51238031112045,-3.90685106130879,-5.61364408410509,-3.87534296338652,-1.89561283016024,-2.13929177125598,-4.66954940742277,-5.32417041560708,-2.48475908022604,-4.76395219354588,-5.5644961730904,-3.64916476351589,-4.07399169346802,-4.65984180952626,-6.79773556042743,-5.17510067765398,-7.54007803750979,-6.92335827169116,-2.89084029924412,-4.66036582936335,-3.11011866947456,-3.72120028191121,-2.6624509842002,-3.79406992759389,-4.11736354371486,-4.4806060909391,-4.08535468746156,-4.51850996363884,-3.19465299705814,-4.10840781529138,-4.15684730104026,-6.35041900087798,-5.96911900322144,-7.06699013548868,-4.94534072257737,-6.7418313942113,-7.029552624059,-6.53336951645752,-7.64726870911952,-8.75179342532774,-9.10499109864406,-10.4472267476883,-9.67358225821302,-8.61592673875331,-8.8776137432947,-10.6324846224439,-9.87453061437776,-9.70431505812606,-7.68907382538081,-10.6950346669018,-8.19937141086203,-8.8195073286715,-9.09146181490793,-8.27361637266323,-9.51977216703105,-13.0049675043876,-9.78966461760493,-11.5940031301589,-11.3096943456577,-9.09081302500252,-9.57825860427334,-9.83806771000157,-9.74475037928207,-9.05149977659262,-10.8911220485619,-10.4754150527937,-9.9952297256736,-7.61845970022018,-8.11469085907666,-9.74412693795188,-8.69003176377655,-11.7247400208509,-7.36783656979201,-8.22362894007393,NA
