#group	K01	K02	K03	K04	K05	K06	K07	K08	K09	K10	K11	K12	K13	K14	K15	K16	K17	K18	K19	K20	K21	K22	K23	K24	K25	K26	K27	K28	K29	K30	K31	K32	K33	K34	K35	K36	K37	K38	K39	K40	K41	K42	K43	K44	K45	K46	K47	K48	K49	K50	K51	K52	K53	K54	M01	M02	M03	M04	M05	M06	M07	M08	M09	M10	M11	M12	M13	M14	M15	M16	M17	M18	M19	M20	M21	M22	M23	M24	M25	M26	M27	M28	M29	M30	M31	M32	M33	M34	M35	M36
methanotrophy	0	0	0	0	0	0	0	0	0	0	0	0	0.003961965135	0	0	0	0	0	0	0	0	0	0	0	0	0	0.004553415061	0	0	0	0	0	0	0	0	0	0	0	0	0	0	0	0	0	0	0	0	0	0	0	0	0.0002030869212	0	0	0	0	0	0	0	0	0	0	0	0	0	0	0	0	0	0	0	0	0	0	0	0	0	0	0	0	0	0	0	0	0	0	0	0	0	0
acetoclastic_methanogenesis	0	0	0	0	0	0	0	0	0	0	0	0	0	0	0	0	0	0	0	0	0	0	0	0	0	0	0	0	0	0	0	0	0	0	0	0	0	0	0	0	0	0	0	0	0	0	0.0003694808794	0	0	0	0	0	0	0	0	0	0	0	0	0	0	0	0	0	0	0	0	0	0	0	0	0	0	0	0	0	0	0	0	0.0001621271077	0	0	0	0	0	0	0	0	0	0
methanogenesis_by_disproportionation_of_methyl_groups	0	0	0	0	0	0	0	0	0	0	0	0	0	0.000583600817	0	0	0	0	0	0	0	0	0	0	0	0	0	0	0	0	0	0	0	0	0	0	0	0	0	0	0	0	0	0	0	0	0	0	0	0	0	0.0002030869212	0	0	0.0003005259204	0.0001906577693	0.001059883413	0.001291364003	0.0008403361345	0.0006110601894	0.0009089256499	0.0006228589225	0.001002004008	0.0005907837731	0	0.0004940711462	0.000844880027	0.001509054326	0	0.0002796420582	0.001229445213	0.001515151515	0.0002878111959	0	0	0.0003174603175	0	0.001108120943	0	0.001945525292	0.001539349625	0.001333111148	0.0008820286659	0.001577563541	0.000499334221	0.0001869857891	0.0003985651654	0.001171352075	0.0007094714438	0.0006700167504
methanogenesis_using_formate	0	0	0	0	0	0	0	0	0	0	0	0	0	0	0	0	0	0	0	0	0	0	0	0	0	0	0	0	0	0	0	0	0	0	0	0	0	0	0	0	0	0	0	0	0	0	0	0	0	0	0	0	0	0	0	0	0	0	0	0	0	0	0	0	0	0	0	0	0	0	0	0	0	0	0	0	0	0	0	0	0	0	0	0	0	0	0	0	0	0
methanogenesis_by_CO2_reduction_with_H2	0	0	0	0	0	0	0	0	0	0	0	0	0	0.000583600817	0	0	0	0	0	0	0	0	0	0	0	0	0	0	0	0	0	0	0	0	0	0	0	0	0	0	0	0	0	0	0	0	0	0	0	0	0	0.0002030869212	0	0	0.0003005259204	0.0001906577693	0.001059883413	0.001291364003	0.0008403361345	0.0006110601894	0.0009089256499	0.0006228589225	0.001002004008	0.0005907837731	0	0.0004940711462	0.000844880027	0.001509054326	0	0.0002796420582	0.001229445213	0.001515151515	0.0002878111959	0	0	0.0003174603175	0	0.001108120943	0	0.001945525292	0.001539349625	0.001333111148	0.0008820286659	0.001577563541	0.000499334221	0.0001869857891	0.0003985651654	0.001171352075	0.0007094714438	0.000837520938
methanogenesis_by_reduction_of_methyl_compounds_with_H2	0	0	0	0	0	0	0	0	0	0	0	0	0	0	0	0	0	0	0	0	0	0	0	0	0	0	0	0	0	0	0	0	0	0	0	0	0	0	0	0	0	0	0	0	0	0	0	0	0	0	0	0	0	0	0	0	0	0	0	0	0	0	0	0	0	0	0	0	0	0	0	0	0	0	0	0	0	0	0	0	0	0	0	0	0	0	0	0	0	0
hydrogenotrophic_methanogenesis	0	0	0	0	0	0	0	0	0	0	0	0	0	0.000583600817	0	0	0	0	0	0	0	0	0	0	0	0	0	0	0	0	0	0	0	0	0	0	0	0	0	0	0	0	0	0	0	0	0	0	0	0	0	0.0002030869212	0	0	0.0003005259204	0.0001906577693	0.001059883413	0.001291364003	0.0008403361345	0.0006110601894	0.0009089256499	0.0006228589225	0.001002004008	0.0005907837731	0	0.0004940711462	0.000844880027	0.001509054326	0	0.0002796420582	0.001229445213	0.001515151515	0.0002878111959	0	0	0.0003174603175	0	0.001108120943	0	0.001945525292	0.001539349625	0.001333111148	0.0008820286659	0.001577563541	0.000499334221	0.0001869857891	0.0003985651654	0.001171352075	0.0007094714438	0.000837520938
methanogenesis	0	0	0	0	0	0	0	0	0	0	0	0	0	0.000583600817	0	0	0	0	0	0	0	0	0	0	0	0	0	0	0	0	0	0	0	0	0	0	0	0	0	0	0	0	0	0	0	0	0.0003694808794	0	0	0	0	0.0002030869212	0	0	0.0003005259204	0.0001906577693	0.001059883413	0.001291364003	0.0008403361345	0.0006110601894	0.0009089256499	0.0006228589225	0.001002004008	0.0005907837731	0	0.0004940711462	0.000844880027	0.001509054326	0	0.0002796420582	0.001229445213	0.001515151515	0.0002878111959	0	0	0.0003174603175	0	0.001108120943	0	0.002107652399	0.001539349625	0.001333111148	0.0008820286659	0.001577563541	0.000499334221	0.0001869857891	0.0003985651654	0.001171352075	0.0007094714438	0.000837520938
methanol_oxidation	0	0	0	0	0	0	0	0	0	0	0	0.002490039841	0	0	0	0	0	0.00125	0	0	0	0.002372262774	0.002425373134	0	0.00296060123	0	0	0	0	0	0	0.003306648103	0	0	0.003054257995	0.001609010459	0	0	0	0	0	0	0	0	0	0.001390578828	0.0009237021984	0.001923076923	0.001768172888	0.0007820136852	0.002389705882	0.0006092607636	0.002045919527	0.000179147259	0.001652892562	0	0.002119766826	0.0009685230024	0.003025210084	0.0029025359	0.00163606617	0.002180006229	0.002004008016	0.001575423395	0.004392708105	0.002635046113	0.008617776276	0.005868544601	0.002113758647	0.005592841163	0.006761948671	0.005892255892	0.002302489567	0.002040816327	0.004455004455	0.003650793651	0.004611615507	0.004274180782	0.0005634861007	0.002918287938	0.001924187031	0.005165805699	0.002866593164	0.005433829974	0.005992010652	0.003552729993	0.001594260662	0.003848728246	0.0007094714438	0.005695142379
methylotrophy	0	0	0	0	0	0	0	0	0	0	0	0.002490039841	0.003961965135	0	0	0	0	0.00125	0	0	0	0.002372262774	0.002425373134	0	0.00296060123	0	0.004553415061	0	0	0	0	0.003306648103	0	0	0.003054257995	0.001609010459	0	0	0	0	0	0	0	0	0	0.001390578828	0.0009237021984	0.001923076923	0.001768172888	0.0007820136852	0.002389705882	0.0008123476848	0.002045919527	0.000179147259	0.001652892562	0	0.002119766826	0.0009685230024	0.003025210084	0.0029025359	0.00163606617	0.002180006229	0.002004008016	0.001575423395	0.004392708105	0.002635046113	0.008617776276	0.005868544601	0.002113758647	0.005592841163	0.006761948671	0.005892255892	0.002302489567	0.002040816327	0.004455004455	0.003650793651	0.004611615507	0.004274180782	0.0005634861007	0.002918287938	0.001924187031	0.005165805699	0.002866593164	0.005433829974	0.005992010652	0.003552729993	0.001594260662	0.003848728246	0.0007094714438	0.005695142379
aerobic_ammonia_oxidation	0.1712022746	0.229245493	0.2424132291	0.3161544523	0.356754799	0.3547593959	0.3519907675	0.2415303065	0.3481795089	0.3552684699	0.1930776427	0.223937583	0.2744321183	0.2810037934	0.2192015675	0.255588994	0.1902707884	0.26125	0.2299332698	0.2457218078	0.2018117765	0.09416058394	0.08003731343	0.1318480643	0.1523570941	0.1490767736	0.1506129597	0.236122757	0.1570749303	0.2280529671	0.1350443019	0.2051862165	0.1606334842	0.2838789159	0.2055335968	0.2260659694	0.1383706468	0.1456719434	0.1568407262	0.1699647185	0.09193641065	0.1685769706	0.16686291	0.205496762	0.1686779297	0.16321919	0.1507481988	0.1401442308	0.1445972495	0.1454545455	0.1683823529	0.2359870024	0.1739031598	0.208885704	0.06731780616	0.0962821735	0.08779367603	0.02953995157	0.03764705882	0.02933088909	0.04926377022	0.04827156649	0.05551102204	0.02166207168	0.06545135076	0.05006587615	0.05491720176	0.03336686787	0.1258647194	0.1528243848	0.1140310435	0.09225589226	0.03957403943	0.02696793003	0.04677754678	0.06619047619	0.06830955469	0.05572265316	0.06686701728	0.04782749676	0.05253030595	0.07598733544	0.09900771775	0.05065731814	0.07023968043	0.144540015	0.0460342766	0.1054216867	0.1399432423	0.08408710218
aerobic_nitrite_oxidation	0	0	0	0	0	0	0	0	0	0	0	0	0	0	0	0	0	0	0	0	0	0	0	0	0	0	0	0	0	0	0	0	0	0	0	0	0	0	0	0	0	0	0	0	0	0	0	0	0	0	0	0	0	0	0	0	0	0	0	0	0	0	0	0	0	0	0	0	0	0	0	0	0	0	0	0	0	0	0	0	0	0	0	0	0	0	0	0	0	0
nitrification	0.1712022746	0.229245493	0.2424132291	0.3161544523	0.356754799	0.3547593959	0.3519907675	0.2415303065	0.3481795089	0.3552684699	0.1930776427	0.223937583	0.2744321183	0.2810037934	0.2192015675	0.255588994	0.1902707884	0.26125	0.2299332698	0.2457218078	0.2018117765	0.09416058394	0.08003731343	0.1318480643	0.1523570941	0.1490767736	0.1506129597	0.236122757	0.1570749303	0.2280529671	0.1350443019	0.2051862165	0.1606334842	0.2838789159	0.2055335968	0.2260659694	0.1383706468	0.1456719434	0.1568407262	0.1699647185	0.09193641065	0.1685769706	0.16686291	0.205496762	0.1686779297	0.16321919	0.1507481988	0.1401442308	0.1445972495	0.1454545455	0.1683823529	0.2359870024	0.1739031598	0.208885704	0.06731780616	0.0962821735	0.08779367603	0.02953995157	0.03764705882	0.02933088909	0.04926377022	0.04827156649	0.05551102204	0.02166207168	0.06545135076	0.05006587615	0.05491720176	0.03336686787	0.1258647194	0.1528243848	0.1140310435	0.09225589226	0.03957403943	0.02696793003	0.04677754678	0.06619047619	0.06830955469	0.05572265316	0.06686701728	0.04782749676	0.05253030595	0.07598733544	0.09900771775	0.05065731814	0.07023968043	0.144540015	0.0460342766	0.1054216867	0.1399432423	0.08408710218
sulfate_respiration	0.00345247766	0	0.001998909686	0	0.001992031873	0.002283105023	0	0	0	0	0	0.001162018592	0.003169572108	0.001750802451	0	0	0	0	0.003813155386	0.00526546731	0.003187384667	0.002372262774	0	0.004930606282	0	0	0	0.0005031024652	0	0	0	0	0.002468120115	0	0.00467121811	0.002614641995	0.0007773631841	0.000505220613	0	0.001227182083	0	0	0.001682085786	0	0	0	0.0003694808794	0	0	0	0	0.0002030869212	0.0002273243919	0.000179147259	0.0009015777611	0	0.001059883413	0.003712671509	0	0.001222120379	0.0009089256499	0.001245717845	0.003607214429	0	0	0	0	0	0	0	0	0	0.0001439055979	0	0	0.0003174603175	0.0008646779075	0.0007915149596	0.001126972201	0.0001621271077	0	0	0	0.0003505696757	0	0	0	0	0	0
sulfur_respiration	0	0	0	0	0	0	0	0	0	0	0	0	0	0	0	0	0	0	0	0	0	0	0	0	0	0	0	0	0	0	0	0	0	0	0	0	0	0	0	0	0	0	0	0	0	0	0	0	0	0	0	0	0	0	0	0	0	0	0	0	0	0	0	0	0	0	0	0	0	0	0	0	0	0	0	0	0	0	0	0	0	0	0	0	0	0	0	0	0	0
dark_sulfite_oxidation	0	0	0	0	0	0	0	0	0	0	0	0	0	0	0	0	0	0	0	0	0	0	0	0	0	0	0	0	0	0	0	0	0	0	0	0	0	0	0	0	0	0	0	0	0	0	0	0	0	0	0	0	0	0	0	0	0	0	0	0	0	0	0	0	0	0	0	0	0	0	0	0	0	0	0	0	0	0	0	0	0	0	0	0	0	0	0	0	0	0
sulfite_respiration	0	0	0	0	0	0	0	0	0	0	0	0	0	0.001750802451	0	0	0	0	0	0	0	0	0	0	0	0	0	0	0	0	0	0	0	0	0	0	0	0	0	0	0	0	0	0	0	0	0	0	0	0	0	0	0	0	0	0	0	0	0	0	0	0	0	0	0	0	0	0	0	0	0	0	0	0	0	0	0	0	0	0	0	0	0	0	0	0	0	0	0	0
thiosulfate_respiration	0	0	0	0	0	0	0	0	0	0	0	0	0	0	0	0	0	0	0	0	0	0	0	0	0	0	0	0	0	0	0	0	0	0	0	0	0	0	0	0	0	0	0	0	0	0	0	0	0	0	0	0	0	0	0	0	0	0	0	0	0	0	0	0	0	0	0	0	0	0	0	0	0	0	0	0	0	0	0	0	0	0	0	0	0	0	0	0	0	0
respiration_of_sulfur_compounds	0.00345247766	0	0.001998909686	0	0.001992031873	0.002283105023	0	0	0	0	0	0.001162018592	0.003169572108	0.001750802451	0	0	0	0	0.003813155386	0.00526546731	0.003187384667	0.002372262774	0	0.004930606282	0	0	0	0.0005031024652	0	0	0	0	0.002468120115	0	0.00467121811	0.002614641995	0.0007773631841	0.000505220613	0	0.001227182083	0	0	0.001682085786	0	0	0	0.0003694808794	0	0	0	0	0.0002030869212	0.0002273243919	0.000179147259	0.0009015777611	0	0.001059883413	0.003712671509	0	0.001222120379	0.0009089256499	0.001245717845	0.003607214429	0	0	0	0	0	0	0	0	0	0.0001439055979	0	0	0.0003174603175	0.0008646779075	0.0007915149596	0.001126972201	0.0001621271077	0	0	0	0.0003505696757	0	0	0	0	0	0
arsenate_detoxification	0	0	0	0	0	0	0	0	0	0	0	0	0	0	0	0	0	0	0	0	0	0	0	0	0	0	0	0	0	0	0	0	0	0	0	0	0	0	0	0	0	0	0	0	0	0	0	0	0	0	0	0	0	0	0	0	0	0	0	0	0	0	0	0	0	0	0	0	0	0	0	0	0	0	0	0	0	0	0	0	0	0	0	0	0	0	0	0	0	0
arsenate_respiration	0	0	0	0	0	0	0	0	0	0	0	0	0	0	0	0	0	0	0	0	0	0	0	0	0	0	0	0	0	0	0	0	0	0	0	0	0	0	0	0	0	0	0	0	0	0	0	0	0	0	0	0	0	0	0	0	0	0	0	0	0	0	0	0	0	0	0	0	0	0	0	0	0	0	0	0	0	0	0	0	0	0	0	0	0	0	0	0	0	0
dissimilatory_arsenate_reduction	0	0	0	0	0	0	0	0	0	0	0	0	0	0	0	0	0	0	0	0	0	0	0	0	0	0	0	0	0	0	0	0	0	0	0	0	0	0	0	0	0	0	0	0	0	0	0	0	0	0	0	0	0	0	0	0	0	0	0	0	0	0	0	0	0	0	0	0	0	0	0	0	0	0	0	0	0	0	0	0	0	0	0	0	0	0	0	0	0	0
arsenite_oxidation_detoxification	0	0	0	0	0	0	0	0	0	0	0	0	0	0	0	0	0	0	0	0	0	0	0	0	0	0	0	0	0	0	0	0	0	0	0	0	0	0	0	0	0	0	0	0	0	0	0	0	0	0	0	0	0	0	0	0	0	0	0	0	0	0	0	0	0	0	0	0	0	0	0	0	0	0	0	0	0	0	0	0	0	0	0	0	0	0	0	0	0	0
arsenite_oxidation_energy_yielding	0	0	0	0	0	0	0	0	0	0	0	0	0	0	0	0	0	0	0	0	0	0	0	0	0	0	0	0	0	0	0	0	0	0	0	0	0	0	0	0	0	0	0	0	0	0	0	0	0	0	0	0	0	0	0	0	0	0	0	0	0	0	0	0	0	0	0	0	0	0	0	0	0	0	0	0	0	0	0	0	0	0	0	0	0	0	0	0	0	0
dissimilatory_arsenite_oxidation	0	0	0	0	0	0	0	0	0	0	0	0	0	0	0	0	0	0	0	0	0	0	0	0	0	0	0	0	0	0	0	0	0	0	0	0	0	0	0	0	0	0	0	0	0	0	0	0	0	0	0	0	0	0	0	0	0	0	0	0	0	0	0	0	0	0	0	0	0	0	0	0	0	0	0	0	0	0	0	0	0	0	0	0	0	0	0	0	0	0
anammox	0	0	0	0	0	0	0	0	0	0	0	0	0	0	0	0	0	0	0	0	0	0	0	0	0	0	0	0	0	0	0	0	0	0	0	0	0	0	0	0	0	0	0	0	0	0	0	0	0	0	0	0	0	0	0	0	0	0	0	0	0	0	0	0	0	0	0	0	0	0	0	0	0	0	0	0	0	0	0	0	0	0	0	0	0	0	0	0	0	0
nitrate_denitrification	0	0	0.004179538434	0.005043341214	0	0	0	0	0	0.003431570448	0.01328344247	0.00879814077	0	0	0	0	0	0	0	0.008483252889	0.02080187888	0.02354014599	0.002985074627	0	0.01002049647	0	0	0	0.01442859485	0	0.01283226398	0.009223807866	0.0129576306	0	0.00646784046	0	0.007929104478	0.00505220613	0	0.01579996932	0.01015131201	0.009698465879	0.01345668629	0.008529458221	0.009385894342	0	0.00591169407	0	0.002161100196	0.001955034213	0.003308823529	0	0.002500568311	0.003403797922	0.01367392938	0.004385128694	0.0054760643	0.01033091203	0.009243697479	0.007943782463	0.01217960371	0.007162877608	0.009619238477	0.01378495471	0.004173072699	0.01350461133	0.007265968233	0.009725016767	0.004035357417	0.00755033557	0.003380974335	0	0.01597352137	0.01151603499	0.009652509653	0.005396825397	0.004179276553	0.006490422669	0.004695717506	0.005188067445	0.005964979796	0.00899850025	0.003087100331	0.009991235758	0.007323568575	0.003739715782	0.003786369071	0.005856760375	0.005853139411	0.003852596315
nitrite_denitrification	0	0	0.004179538434	0.005043341214	0	0	0	0	0	0.003431570448	0.01328344247	0.00879814077	0	0	0	0	0	0	0	0.008483252889	0.02080187888	0.02354014599	0.002985074627	0	0.01002049647	0	0	0	0.01442859485	0	0.01283226398	0.009223807866	0.0129576306	0	0.00646784046	0	0.007929104478	0.00505220613	0	0.01579996932	0.01015131201	0.009698465879	0.01345668629	0.008529458221	0.009385894342	0	0.00591169407	0	0.002161100196	0.001955034213	0.003308823529	0	0.002500568311	0.003403797922	0.01367392938	0.004385128694	0.0054760643	0.01033091203	0.009243697479	0.007943782463	0.01217960371	0.007162877608	0.009619238477	0.01378495471	0.004173072699	0.01350461133	0.007265968233	0.009725016767	0.004035357417	0.00755033557	0.003380974335	0	0.01597352137	0.01151603499	0.009652509653	0.005396825397	0.004179276553	0.006490422669	0.004695717506	0.005188067445	0.005964979796	0.00899850025	0.003087100331	0.009991235758	0.007323568575	0.003739715782	0.003786369071	0.005856760375	0.005853139411	0.003852596315
nitrous_oxide_denitrification	0	0	0	0	0	0	0	0	0	0	0	0	0	0	0	0	0	0	0	0	0	0	0	0	0	0	0	0	0	0	0	0	0	0	0	0	0	0	0	0	0	0	0	0	0	0	0	0	0	0	0	0	0	0	0	0	0	0	0	0	0	0	0	0	0	0	0	0	0	0	0	0	0	0	0	0	0	0	0	0	0	0	0	0	0	0	0	0	0	0
denitrification	0	0	0.004179538434	0.005043341214	0	0	0	0	0	0.003431570448	0.01328344247	0.00879814077	0	0	0	0	0	0	0	0.008483252889	0.02080187888	0.02354014599	0.002985074627	0	0.01002049647	0	0	0	0.01442859485	0	0.01283226398	0.009223807866	0.0129576306	0	0.00646784046	0	0.007929104478	0.00505220613	0	0.01579996932	0.01015131201	0.009698465879	0.01345668629	0.008529458221	0.009385894342	0	0.00591169407	0	0.002161100196	0.001955034213	0.003308823529	0	0.002500568311	0.003403797922	0.01367392938	0.004385128694	0.0054760643	0.01033091203	0.009243697479	0.007943782463	0.01217960371	0.007162877608	0.009619238477	0.01378495471	0.004173072699	0.01350461133	0.007265968233	0.009725016767	0.004035357417	0.00755033557	0.003380974335	0	0.01597352137	0.01151603499	0.009652509653	0.005396825397	0.004179276553	0.006490422669	0.004695717506	0.005188067445	0.005964979796	0.00899850025	0.003087100331	0.009991235758	0.007323568575	0.003739715782	0.003786369071	0.005856760375	0.005853139411	0.003852596315
chitinolysis	0.007514216084	0.003783663477	0.003270943122	0.005516154452	0.008330315103	0.008605549701	0.005962685132	0.00875777829	0.003386960203	0.002624142107	0.002432179607	0	0	0	0	0.002364574377	0.00527198658	0	0.007626310772	0.01009214568	0.004361684281	0.005291970803	0.007649253731	0.05387143901	0.002049647005	0.006802721088	0.0119089317	0.005031024652	0.001967535662	0.004904364885	0.008249312557	0.005395057431	0.008638420403	0.006159802886	0.00646784046	0.005028157683	0.003731343284	0.005725833614	0.008047913157	0	0.004405286344	0.005113736554	0	0	0	0	0	0	0	0	0	0	0.0004546487838	0.0005374417771	0.0009015777611	0	0	0.002905569007	0.001680672269	0.002597005805	0.00199963643	0.002802865151	0	0	0	0	0	0	0	0	0	0.0008417508418	0.0008634335876	0.0007288629738	0.00103950104	0	0.0007205649229	0	0	0.001783398184	0.001346930922	0.0004999166806	0	0	0	0	0	0.001171352075	0.001596310748	0.0006700167504
knallgas_bacteria	0	0	0	0	0	0	0	0	0	0	0	0	0	0	0	0	0	0	0	0	0	0	0	0	0	0	0	0	0	0	0	0	0	0	0	0	0	0	0	0	0	0	0	0	0	0	0	0	0	0	0	0	0	0	0	0	0	0	0	0	0	0	0	0	0	0	0	0	0	0	0	0	0	0	0	0	0	0	0	0	0	0	0	0	0	0	0	0	0	0
dark_hydrogen_oxidation	0	0	0	0	0	0	0	0	0	0	0	0	0	0.000583600817	0	0	0	0	0	0	0	0	0	0	0	0	0	0	0	0	0	0	0	0	0	0	0	0	0	0	0	0	0	0	0	0	0	0	0	0	0	0.0002030869212	0	0	0.0003005259204	0.0001906577693	0.001059883413	0.001291364003	0.002016806723	0.0006110601894	0.0009089256499	0.0006228589225	0.001002004008	0.0005907837731	0	0.0004940711462	0.000844880027	0.004694835681	0	0.0002796420582	0.003227293684	0.001515151515	0.001439055979	0	0.001485001485	0.001746031746	0.0008646779075	0.002374544879	0	0.003566796368	0.001539349625	0.003832694551	0.0008820286659	0.004732690622	0.002496671105	0.0001869857891	0.0003985651654	0.001171352075	0.0007094714438	0.002345058626
nitrogen_fixation	0.01929325751	0.02158913866	0.01817190623	0.007722616233	0.007605939877	0.009132420091	0.0115406809	0.02466005992	0.01253175275	0.004238998789	0.008793264733	0.007304116866	0.008980454305	0	0	0.005588993981	0.00718907261	0.006666666667	0.008579599619	0.004972941349	0.006207012246	0.01186131387	0.02145522388	0.01022644266	0.01320883626	0.0221574344	0.02942206655	0.0115713567	0.008034103951	0.005885237862	0.007791017415	0.007831534981	0.006993006993	0	0.004132231405	0.01005631537	0.00388681592	0.005220613001	0.004304697735	0.004908728333	0.007086764988	0.00758243696	0.003364171573	0.004580634971	0.004961115581	0.007300538849	0.009791243303	0.007932692308	0.004322200393	0.006060606061	0.008823529412	0.002437043054	0.006365082973	0.005195270512	0.01036814425	0.00819828408	0.0139551316	0.009039548023	0.01193277311	0.01191567369	0.009816397019	0.01214574899	0.01683366733	0.01083103584	0.0127388535	0.008069828722	0.007265968233	0.00871898055	0.009992313605	0.008668903803	0.01767327493	0.01228956229	0.007339185494	0.01778425656	0.007276507277	0.005238095238	0.01268194264	0.00490739275	0.007700976709	0.005836575875	0.008658841639	0.007998666889	0.006394707828	0.008238387379	0.01714380826	0.00822737472	0.005779194898	0.008868808568	0.01188364668	0.01206030151
nitrate_ammonification	0	0	0	0	0	0	0	0	0	0	0	0	0	0	0	0	0	0	0	0	0	0	0	0	0	0	0	0	0	0	0	0	0	0	0	0	0	0	0	0	0	0	0	0	0	0	0	0	0	0	0	0	0	0	0	0	0	0	0	0	0	0	0	0	0	0	0	0	0	0	0	0	0	0	0	0	0	0	0	0	0	0	0	0	0	0	0	0	0	0
nitrite_ammonification	0	0	0	0	0	0	0	0	0	0	0	0	0	0	0	0	0	0	0	0	0	0	0	0	0	0	0	0	0	0	0	0	0	0	0	0	0	0	0	0	0	0	0	0	0	0	0	0	0	0	0	0	0	0	0	0	0	0	0	0	0	0	0	0	0	0	0	0	0	0	0	0	0	0	0	0	0	0	0	0	0	0	0	0	0	0	0	0	0	0
nitrite_respiration	0	0	0.004179538434	0.005043341214	0	0	0	0	0	0.003431570448	0.01328344247	0.00879814077	0	0	0	0	0	0	0	0.008483252889	0.02080187888	0.02354014599	0.002985074627	0	0.01002049647	0	0	0	0.01442859485	0	0.01283226398	0.009223807866	0.0129576306	0	0.00646784046	0	0.007929104478	0.00505220613	0	0.01579996932	0.01015131201	0.009698465879	0.01345668629	0.008529458221	0.009385894342	0	0.00591169407	0	0.002161100196	0.001955034213	0.003308823529	0	0.002500568311	0.003403797922	0.01367392938	0.004385128694	0.0054760643	0.01033091203	0.009243697479	0.007943782463	0.01217960371	0.007162877608	0.009619238477	0.01378495471	0.004173072699	0.01350461133	0.007265968233	0.009725016767	0.004035357417	0.00755033557	0.003380974335	0	0.01597352137	0.01151603499	0.009652509653	0.005396825397	0.004179276553	0.006490422669	0.004695717506	0.005188067445	0.005964979796	0.00899850025	0.003087100331	0.009991235758	0.007323568575	0.003739715782	0.003786369071	0.005856760375	0.005853139411	0.003852596315
cellulolysis	0.01807473599	0.02893389717	0.02598582591	0.003940110323	0.003259688519	0	0.00461627236	0.006222631943	0.004233700254	0.003835284618	0.003180542563	0.004980079681	0	0.007003209804	0.00293901543	0	0	0.002291666667	0.0118207817	0.009945882697	0.01274953867	0.01386861314	0.02481343284	0.003104455807	0.01480300615	0.01243926142	0.01295971979	0.005701827939	0.007214297426	0.00653915318	0.008707607699	0.004002784546	0	0	0	0.002815768302	0.005130597015	0.003873358033	0.002807411567	0.004141739531	0.008810572687	0.008287779933	0.003364171573	0.004738587901	0.002145347278	0.01755605771	0.01570293737	0.01778846154	0.01866404715	0.01661779081	0.01323529412	0.004264825345	0.007501704933	0.004299534217	0.009316303531	0.01887511916	0.01925454867	0.01775625504	0.01394957983	0.01573479988	0.02799491002	0.02024291498	0.02885771543	0.08940527767	0.07335822535	0.03689064559	0.02872592092	0.03621730382	0.04438893159	0.008808724832	0.01029660366	0.01245791246	0.01971506692	0.01545189504	0.01084051084	0.01015873016	0.009655569967	0.01028969448	0.01709241172	0.0126459144	0.02693861843	0.01349775037	0.02381477398	0.01700262927	0.01481358189	0.008788332087	0.009764846552	0.01305220884	0.01418942888	0.01088777219
xylanolysis	0	0	0	0.003940110323	0	0	0	0	0	0	0	0	0	0	0	0	0	0	0	0	0	0	0	0	0	0	0	0	0	0	0	0	0	0	0	0	0.003109452736	0.002020882452	0	0	0	0	0	0.00252724688	0	0	0	0	0	0	0	0	0	0	0	0	0	0.005004035513	0.004201680672	0.004430186373	0	0	0	0	0	0	0	0	0	0	0	0	0	0	0	0.0007936507937	0	0	0	0	0	0	0	0	0	0	0	0	0	0
dark_sulfide_oxidation	0	0	0	0	0	0	0	0	0	0	0	0	0	0	0	0	0	0	0	0	0	0	0	0	0	0	0	0	0	0	0	0	0	0	0	0	0	0	0	0	0	0	0	0	0	0	0	0	0	0	0	0	0	0	0.001202103681	0.002287893232	0.003003003003	0.001291364003	0.001848739496	0.0004582951421	0.0009089256499	0.001712862037	0.001002004008	0	0.0004392708105	0.001482213439	0.001182832038	0.001341381623	0	0.001118568233	0.001690487168	0.00303030303	0.001151244783	0	0.0007425007425	0.001111111111	0.002017581784	0.001741332911	0	0.003566796368	0.003271117953	0.002499583403	0	0.00245398773	0.0009986684421	0	0.001594260662	0.001673360107	0.001773678609	0.001340033501
dark_sulfur_oxidation	0	0	0	0	0	0	0	0	0	0	0	0	0	0	0	0	0	0	0	0	0	0	0	0	0	0	0	0	0	0	0	0	0	0	0	0	0	0	0	0	0	0	0	0	0	0	0	0	0	0	0	0	0	0	0	0	0	0	0	0	0	0	0	0	0	0	0	0	0	0	0	0	0	0	0	0	0	0	0	0	0	0	0	0	0	0	0	0	0	0
dark_thiosulfate_oxidation	0	0	0	0	0	0	0	0	0	0	0	0	0	0	0	0	0	0	0	0	0	0	0	0	0	0	0	0	0	0	0	0	0	0	0	0	0	0	0	0	0	0	0	0	0	0	0	0	0	0	0	0	0	0	0	0	0	0	0	0	0	0	0	0	0	0	0	0	0	0	0	0	0	0	0	0	0	0	0	0	0	0	0	0	0	0	0	0	0	0
dark_oxidation_of_sulfur_compounds	0	0	0	0	0	0	0	0	0	0	0	0	0	0	0	0	0	0	0	0	0	0	0	0	0	0	0	0	0	0	0	0	0	0	0	0	0	0	0	0	0	0	0	0	0	0	0	0	0	0	0	0	0	0	0.001202103681	0.002287893232	0.003003003003	0.001291364003	0.001848739496	0.0004582951421	0.0009089256499	0.001712862037	0.001002004008	0	0.0004392708105	0.001482213439	0.001182832038	0.001341381623	0	0.001118568233	0.001690487168	0.00303030303	0.001151244783	0	0.0007425007425	0.001111111111	0.002017581784	0.001741332911	0	0.003566796368	0.004618048874	0.002499583403	0	0.00245398773	0.0009986684421	0	0.001594260662	0.001673360107	0.001773678609	0.001340033501
manganese_oxidation	0	0	0	0	0	0	0	0	0	0	0	0	0	0	0	0	0	0	0	0	0	0.009124087591	0.008768656716	0	0.00592120246	0.008357628766	0.0119089317	0	0	0	0	0	0.007610037022	0	0	0	0	0.00336813742	0	0	0	0	0	0	0	0.01929428124	0.02660262331	0.02019230769	0.02612966601	0.02170087977	0.01966911765	0.004061738424	0.004546487838	0.003941239699	0.006010518407	0.004385128694	0.005652711535	0.01210653753	0.009075630252	0.008554842652	0.005089983639	0.004048582996	0.003206412826	0.04745962978	0.06984405886	0.05648880105	0.08093950659	0.03672032193	0.06667947733	0.03635346756	0.01552174581	0.02575757576	0.0210102173	0.02069970845	0.01217701218	0.02047619048	0.02449920738	0.0254867817	0.01446280992	0.01037613489	0.01154512219	0.03916013998	0.09856670342	0.05030674847	0.06075233023	0.07928197457	0.08569151056	0.02125167336	0.02075203973	0.02914572864
manganese_respiration	0	0	0	0	0	0	0	0	0	0	0	0	0	0	0	0	0	0	0	0	0	0	0	0	0	0	0	0	0	0	0	0	0	0	0	0	0	0	0	0	0	0	0	0	0	0	0	0	0	0	0	0	0	0	0	0	0	0	0	0	0	0	0	0	0	0	0	0	0	0	0	0	0	0	0	0	0	0	0	0	0	0	0	0	0	0	0	0	0	0
ligninolysis	0	0	0	0	0	0	0	0	0	0	0	0	0	0	0	0	0	0	0	0	0	0	0	0	0	0	0	0	0	0	0	0	0	0	0	0	0	0	0	0	0	0	0	0	0	0	0	0	0	0	0	0	0	0	0	0	0	0	0	0	0	0	0	0	0	0	0	0	0	0	0	0	0	0	0	0	0	0	0	0	0	0	0	0	0	0	0	0	0	0
fermentation	0.01848090983	0.007789895393	0.01181173905	0.01150512214	0.01901484969	0.01317175975	0.008847855357	0.03894906661	0.008467400508	0.008679854663	0.007857811038	0.01012616202	0.01241415742	0.01459002043	0	0.01784178848	0.01509705248	0.01270833333	0.01372735939	0.01345619424	0.01258178158	0.0200729927	0.01175373134	0.02227903579	0.01184240492	0.02060252672	0.03607705779	0.01609927889	0.01852762748	0.01749223476	0.009318667889	0.01079011486	0.01686548745	0.02023935234	0.01742723679	0.01890587289	0.02052238806	0.01700909397	0.02227213176	0.01135143427	0.01742961119	0.01340151649	0.0117746005	0.01121465803	0.007776883883	0.005909960021	0.001847404397	0.01466346154	0.01257367387	0.006451612903	0.007536764706	0.01360682372	0.01614003183	0.01039054102	0.006761833208	0.004766444233	0.004946122593	0.01291364003	0.01075630252	0.0116101436	0.00236320669	0.007474307069	0.007615230461	0	0.001976718647	0.002635046113	0.002872592092	0.003856472166	0.000384319754	0.002796420582	0.004303058245	0.005050505051	0.003165923154	0.004227405248	0.007276507277	0.008412698413	0.01052024787	0.005065695742	0.004507888805	0.005998702983	0.00558014239	0.005165805699	0	0.00245398773	0.001165113182	0.002804786836	0.003188521323	0.004016064257	0.003369989358	0.004355108878
aerobic_chemoheterotrophy	0.2209585703	0.1934119742	0.1451935308	0.1059101655	0.08330315103	0.08570425009	0.1029044047	0.1491126988	0.1053344623	0.09103754542	0.1854069224	0.1701527224	0.1661384046	0.1607820251	0.2454077884	0.1923903697	0.2561706207	0.1841666667	0.192564347	0.1285651602	0.1060224794	0.1698905109	0.2973880597	0.2302775749	0.2138465042	0.2316812439	0.1978984238	0.1859802113	0.1985571405	0.1966650319	0.2277726856	0.1705534285	0.1982723159	0.1473072862	0.1884656845	0.1912711183	0.2232587065	0.23627484	0.2468650571	0.1691977297	0.2539743344	0.1967906895	0.1894028595	0.1852787869	0.2118530437	0.2722058057	0.2366525032	0.2805288462	0.2567779961	0.2662756598	0.2409926471	0.1931356621	0.2286883383	0.1963453959	0.2805409467	0.3081029552	0.2819289878	0.3162227603	0.312605042	0.3287503819	0.2944919106	0.3104951728	0.2965931864	0.2918471839	0.2743246211	0.2745388669	0.2749239608	0.3061703555	0.2649884704	0.2321029083	0.2609497464	0.2974747475	0.2868038567	0.3209912536	0.3318978319	0.3222222222	0.3108517077	0.3185056198	0.3230653644	0.3018806744	0.3113334616	0.2646225629	0.2624035281	0.2727432077	0.2751331558	0.2442034405	0.301315265	0.250167336	0.2431713374	0.281239531
invertebrate_parasites	0	0	0	0	0	0	0	0	0	0	0	0	0	0	0	0	0	0	0	0	0	0	0	0	0	0	0	0	0	0	0	0	0	0	0	0	0	0	0	0	0	0	0	0	0	0	0	0	0	0	0	0	0	0	0	0	0	0	0	0	0	0	0	0	0	0	0	0	0	0	0	0	0	0	0	0	0	0	0	0	0	0	0	0	0	0	0	0	0	0
human_pathogens_septicemia	0	0	0	0	0	0	0	0	0	0	0	0	0	0	0	0	0	0	0	0	0	0	0	0	0	0	0	0	0	0	0	0	0	0	0	0	0	0	0	0	0	0	0	0	0	0	0	0	0	0	0	0	0	0	0	0	0	0	0	0	0	0	0	0	0	0	0	0	0	0	0	0	0	0	0	0	0	0	0	0	0	0	0	0	0	0	0	0	0	0
human_pathogens_pneumonia	0	0	0	0	0	0	0	0	0	0	0	0	0	0	0	0	0	0	0	0	0	0	0	0	0	0	0	0	0	0	0	0	0	0	0	0	0	0	0	0	0	0	0	0	0	0	0	0	0	0	0	0	0	0	0	0	0	0	0	0	0	0	0	0	0	0	0	0	0	0	0	0	0	0	0	0	0	0	0	0	0	0	0	0	0	0	0	0	0	0
human_pathogens_nosocomia	0	0	0	0	0	0	0	0	0	0	0	0	0	0	0	0	0	0	0	0	0	0	0	0	0	0	0	0	0	0	0	0	0	0	0	0	0	0	0	0	0	0	0	0	0	0	0	0	0	0	0	0	0	0	0	0	0	0	0	0	0	0	0	0	0	0	0	0	0	0	0	0	0	0	0	0	0	0	0	0	0	0	0	0	0	0	0	0	0	0
human_pathogens_meningitis	0	0	0	0	0	0	0	0	0	0	0	0	0	0	0	0	0	0	0	0	0	0	0	0	0	0	0	0	0	0	0	0	0	0	0	0	0	0	0	0	0	0	0	0	0	0	0	0	0	0	0	0	0	0	0	0	0	0	0	0	0	0	0	0	0	0	0	0	0	0	0	0	0	0	0	0	0	0	0	0	0	0	0	0	0	0	0	0	0	0
human_pathogens_gastroenteritis	0	0	0	0	0	0	0	0	0	0	0	0	0	0	0	0	0	0	0	0	0	0	0	0	0	0	0	0	0	0	0	0	0	0	0	0	0	0	0	0	0	0	0	0	0	0	0	0	0	0	0	0	0	0	0	0	0	0	0	0	0	0	0	0	0	0	0	0	0	0	0	0	0	0	0	0	0	0	0	0	0	0	0	0	0	0	0	0	0	0
human_pathogens_diarrhea	0	0	0	0	0	0	0	0	0	0	0	0	0	0	0	0	0	0	0	0	0	0	0	0	0	0	0	0	0	0	0	0	0	0	0	0	0	0	0	0	0	0	0	0	0	0	0	0	0	0	0	0	0	0	0	0	0	0	0	0	0	0	0	0	0	0	0	0	0	0	0	0	0	0	0	0	0	0	0	0	0	0	0	0	0	0	0	0	0	0
human_pathogens_all	0	0	0	0.001891252955	0	0.00158061117	0	0	0	0	0	0	0.003697834126	0.001459002043	0	0	0	0.001875	0.0007626310772	0.002486470674	0	0	0	0.001643535427	0	0	0.008756567426	0.001509307396	0.003607148713	0	0	0.001044204664	0	0.001759943682	0.000538986705	0.002413515688	0	0.000505220613	0	0.00398834177	0.003639149588	0.001763357433	0	0	0	0	0.004803251432	0.0007211538462	0.001964636542	0.00293255132	0.0009191176471	0.002843216897	0.00113662196	0.004120386958	0.003456048084	0.004194470925	0.005652711535	0.001775625504	0.003025210084	0.004430186373	0.00327213234	0.003270009343	0.002605210421	0.001575423395	0.003514166484	0.00395256917	0.004224400135	0.002012072435	0.0009607993851	0.003355704698	0.003227293684	0.002693602694	0.001295150381	0	0.0004455004455	0.002380952381	0.002594033722	0.0006332119677	0.006949661908	0.002594033722	0	0.001499750042	0.004630650496	0.001051709027	0.0009986684421	0.003365744203	0.00737345556	0.003848728246	0.002128414331	0.004020100503
fish_parasites	0	0	0	0	0	0	0	0	0	0	0	0	0	0	0	0	0	0	0	0	0	0	0	0	0	0	0	0	0	0	0	0	0	0	0	0	0	0	0	0	0	0	0	0	0	0	0	0	0	0	0	0	0	0	0	0	0	0	0	0	0	0	0	0	0	0	0	0	0	0	0	0	0	0	0	0	0	0	0	0	0	0	0	0	0	0	0	0	0	0
human_gut	0	0	0	0.001891252955	0	0	0	0	0	0	0	0	0.003697834126	0.001459002043	0	0	0	0.001875	0	0	0	0	0	0.001643535427	0	0.001943634597	0.008756567426	0	0.003607148713	0	0	0.001044204664	0	0.001759943682	0.000538986705	0.002413515688	0	0.000505220613	0	0	0.003639149588	0.001763357433	0	0	0	0	0.001847404397	0	0	0	0	0.00162469537	0.00113662196	0.001612325331	0	0	0	0	0	0	0	0	0	0	0	0	0	0	0	0	0	0	0	0	0	0	0	0.0006332119677	0	0	0	0	0	0	0	0	0	0	0	0.000837520938
human_associated	0	0	0	0.001891252955	0	0.00158061117	0	0	0	0	0	0	0.003697834126	0.001459002043	0	0	0	0.001875	0.0007626310772	0.002486470674	0	0	0	0.001643535427	0	0.001943634597	0.008756567426	0.001509307396	0.003607148713	0	0	0.001044204664	0	0.001759943682	0.000538986705	0.002413515688	0	0.000505220613	0	0.00398834177	0.003639149588	0.001763357433	0	0	0	0	0.004803251432	0.0007211538462	0.001964636542	0.00293255132	0.0009191176471	0.002843216897	0.00113662196	0.004120386958	0.003456048084	0.004194470925	0.005652711535	0.001775625504	0.003025210084	0.004430186373	0.00327213234	0.003270009343	0.002605210421	0.001575423395	0.003514166484	0.00395256917	0.004224400135	0.002012072435	0.0009607993851	0.003355704698	0.003227293684	0.002693602694	0.001295150381	0	0.0004455004455	0.002380952381	0.002594033722	0.0006332119677	0.006949661908	0.002594033722	0	0.001499750042	0.004630650496	0.001051709027	0.0009986684421	0.003365744203	0.00737345556	0.003848728246	0.002128414331	0.004020100503
mammal_gut	0	0	0	0.001891252955	0	0	0	0	0	0	0	0	0.003697834126	0.001459002043	0	0	0	0.001875	0	0	0	0	0	0.001643535427	0	0.001943634597	0.008756567426	0	0.003607148713	0	0	0.001044204664	0	0.001759943682	0.000538986705	0.002413515688	0	0.000505220613	0	0	0.003639149588	0.001763357433	0	0	0	0	0.001847404397	0	0	0	0	0.00162469537	0.00113662196	0.001612325331	0	0	0	0	0	0	0	0	0	0	0	0	0	0	0	0	0	0	0	0	0	0	0	0.0006332119677	0	0	0	0	0	0	0	0	0	0	0	0.000837520938
animal_parasites_or_symbionts	0	0	0	0.001891252955	0	0.00158061117	0	0	0	0	0	0	0.003697834126	0.001459002043	0	0	0	0.001875	0.0007626310772	0.002486470674	0	0	0	0.001643535427	0	0.001943634597	0.008756567426	0.001509307396	0.003607148713	0	0	0.001044204664	0	0.001759943682	0.000538986705	0.002413515688	0	0.000505220613	0	0.00398834177	0.003639149588	0.001763357433	0	0	0	0	0.004803251432	0.0007211538462	0.001964636542	0.00293255132	0.0009191176471	0.002843216897	0.00113662196	0.004120386958	0.003606311044	0.004194470925	0.007595831125	0.002744148507	0.003697478992	0.004735716468	0.004726413379	0.00513858611	0.002605210421	0.001575423395	0.004173072699	0.005270092227	0.004562352146	0.004024144869	0.0009607993851	0.003355704698	0.005839864761	0.003535353535	0.001295150381	0	0.0004455004455	0.002857142857	0.002882259692	0.001424726927	0.006949661908	0.004539559014	0.001346930922	0.003832694551	0.004851157663	0.006836108677	0.002330226365	0.003365744203	0.007772020725	0.007362784471	0.00372472508	0.005527638191
plant_pathogen	0	0	0	0	0	0	0	0	0	0	0	0	0	0	0	0	0	0	0	0	0	0	0	0	0	0	0	0	0	0	0	0	0	0	0	0	0	0	0	0	0	0	0	0	0	0	0	0	0	0	0	0	0	0	0	0	0	0	0	0	0	0	0	0	0	0	0	0	0	0	0	0	0	0	0	0	0	0	0	0	0	0	0	0	0	0	0	0	0	0
oil_bioremediation	0	0	0	0	0	0	0	0	0	0	0	0	0	0	0	0	0	0	0	0	0	0	0	0	0	0	0	0	0	0	0	0	0	0	0	0	0	0	0	0	0	0	0	0	0	0	0	0	0	0	0	0	0	0	0	0	0	0	0	0	0	0	0	0	0	0	0	0	0	0	0	0	0	0	0	0	0	0	0	0	0	0	0	0	0	0	0	0	0	0
aromatic_hydrocarbon_degradation	0	0	0	0	0	0	0	0	0	0	0	0	0	0	0	0	0	0	0	0	0	0	0	0	0	0	0	0	0	0	0	0	0	0	0	0	0	0	0	0	0	0	0	0	0	0	0	0	0	0	0	0	0	0	0.001051840721	0	0.003003003003	0.001775625504	0.003193277311	0.002138710663	0.00254499182	0.003270009343	0.002805611222	0.001969279244	0.003514166484	0.001646903821	0.00405542413	0.004862508384	0.002305918524	0	0.006608268019	0.006397306397	0.001726867175	0.001020408163	0.002079002079	0.00380952381	0.001297016861	0.003640968814	0	0.009889753567	0.006542235905	0.00566572238	0.002205071665	0.008063102542	0.005492676431	0	0.002590673575	0.005689424364	0.002660517914	0.005360134003
aromatic_compound_degradation	0.01705930138	0.01068328511	0.006905324369	0.001576044129	0	0.002985598876	0.004808617042	0	0.003556308213	0.002825999193	0.003180542563	0.009462151394	0	0.005252407353	0.02669605682	0.00494411006	0	0.01833333333	0.009342230696	0.008922041831	0.00369065593	0.009671532847	0.02164179104	0.0111395179	0	0.0221574344	0	0.01878249203	0.007378258731	0.02076181135	0.009165902841	0.02227636617	0	0.02094332981	0.01976284585	0.01810136766	0.01305970149	0.01583024587	0.0110424855	0.008897070103	0.01474813254	0	0.01110176619	0.003159058601	0	0	0.002955847035	0	0.006876227898	0.003323558162	0.002022058824	0.01015434606	0.01022959764	0.009853099248	0.02569496619	0.02440419447	0.02596714361	0.02857142857	0.02789915966	0.02963641919	0.02744955463	0.03036437247	0.03026052104	0.01378495471	0.01976718647	0.01515151515	0.02230483271	0.0404091214	0.005764796311	0.01468120805	0.04195481789	0.05252525253	0.02403223485	0.02419825073	0.02079002079	0.02888888889	0.02104049575	0.0332436283	0.01145755071	0.0509079118	0.03328843564	0.04332611231	0.01433296582	0.03733567046	0.02896138482	0.00822737472	0.03128736548	0.03781793842	0.02536360411	0.03685092127
aliphatic_non_methane_hydrocarbon_degradation	0	0	0	0	0	0	0	0	0	0	0	0	0	0	0	0	0	0	0	0	0	0	0	0	0	0	0	0	0	0	0	0	0	0	0	0	0	0	0	0	0	0	0	0	0	0	0	0	0	0	0	0	0	0	0.001051840721	0	0.003003003003	0.001775625504	0.003193277311	0.002138710663	0.00254499182	0.003270009343	0.002805611222	0.001969279244	0.003514166484	0.001646903821	0.00405542413	0.004862508384	0.002305918524	0	0.006608268019	0.006397306397	0.001726867175	0.001020408163	0.002079002079	0.00380952381	0.001297016861	0.003640968814	0	0.009889753567	0.006542235905	0.00566572238	0.002205071665	0.008063102542	0.005492676431	0	0.002590673575	0.005689424364	0.002660517914	0.005360134003
hydrocarbon_degradation	0	0	0	0	0	0	0	0	0	0	0	0	0.003961965135	0	0	0	0	0	0	0	0	0	0	0	0	0	0.004553415061	0	0	0	0	0	0	0	0	0	0	0	0	0	0	0	0	0	0	0	0	0	0	0	0	0.0002030869212	0	0	0.001051840721	0	0.003003003003	0.001775625504	0.003193277311	0.002138710663	0.00254499182	0.003270009343	0.002805611222	0.001969279244	0.003514166484	0.001646903821	0.00405542413	0.004862508384	0.002305918524	0	0.006608268019	0.006397306397	0.001726867175	0.001020408163	0.002079002079	0.00380952381	0.001297016861	0.003640968814	0	0.009889753567	0.006542235905	0.00566572238	0.002205071665	0.008063102542	0.005492676431	0	0.002590673575	0.005689424364	0.002660517914	0.005360134003
dark_iron_oxidation	0	0	0	0	0	0	0	0	0	0	0	0	0	0	0	0	0	0	0	0	0	0	0	0	0	0	0	0	0	0	0	0	0	0	0	0	0	0	0	0	0	0	0	0	0	0	0	0	0	0	0	0	0	0	0	0	0	0	0	0	0	0	0	0	0	0	0	0	0	0	0	0	0	0	0	0	0	0	0	0	0	0	0	0	0	0	0	0	0	0
iron_respiration	0.00345247766	0.005786779435	0.003997819371	0.002836879433	0.001810938066	0.001229364243	0.003269859588	0.003687485596	0.003386960203	0	0.003367633302	0.003320053121	0	0	0.004163605192	0	0.002875629044	0.002708333333	0.006101048618	0.002632733655	0.004361684281	0.00401459854	0.01156716418	0	0.007515372353	0.009718172983	0	0.005031024652	0.004262993933	0.006866110839	0.006568897036	0.005743125653	0.004730563554	0.003343892995	0.002335609055	0.002815768302	0.006063432836	0	0.00505334082	0.004448535051	0.004213752155	0	0	0	0	0.009038762385	0.002955847035	0.003365384615	0.002161100196	0.005278592375	0.002389705882	0.00507717303	0.001818595135	0.007165890362	0.006761833208	0.00266920877	0.002649708532	0.002744148507	0.001680672269	0.003819126184	0.00309034721	0.004515727188	0.001803607214	0	0.001537447837	0	0	0.0008383635144	0	0.007829977629	0.001844167819	0.001178451178	0.002590300763	0.003498542274	0.005643005643	0.002857142857	0.005332180429	0.002849453855	0.003944402705	0.00275616083	0.004425630171	0	0.003307607497	0	0.0009986684421	0.0007479431563	0.00219210841	0.004518072289	0.004611564385	0.005192629816
nitrate_respiration	0	0	0.004179538434	0.005043341214	0	0.00158061117	0	0	0	0.003431570448	0.01328344247	0.00879814077	0	0	0	0	0	0	0.0007626310772	0.008483252889	0.02080187888	0.02354014599	0.002985074627	0	0.01002049647	0	0	0.001509307396	0.01442859485	0	0.01283226398	0.009223807866	0.0129576306	0	0.00646784046	0	0.007929104478	0.00505220613	0	0.01779414021	0.01015131201	0.009698465879	0.01345668629	0.008529458221	0.009385894342	0	0.00591169407	0	0.002161100196	0.002541544477	0.003308823529	0	0.002500568311	0.004299534217	0.01367392938	0.004385128694	0.008479067303	0.01033091203	0.009243697479	0.007943782463	0.01217960371	0.008097165992	0.009619238477	0.0153603781	0.005271249725	0.01498682477	0.007265968233	0.01089872569	0.004996156802	0.00755033557	0.004303058245	0	0.01597352137	0.01151603499	0.009652509653	0.00619047619	0.004179276553	0.006490422669	0.004695717506	0.005188067445	0.005964979796	0.00899850025	0.003087100331	0.01577563541	0.008322237017	0.003739715782	0.005978477481	0.007362784471	0.005853139411	0.003852596315
nitrate_reduction	0.02640129976	0.01268640107	0.02326003998	0.01591804571	0.02155016298	0.01475237092	0.01654164262	0.03549204886	0.01253175275	0.01392813888	0.02245088868	0.02025232404	0.01928156366	0.01663262329	0.007592456527	0.02364574377	0.02084831057	0.01541666667	0.01696854147	0.02384086588	0.03338366046	0.04051094891	0.01996268657	0.02227903579	0.02322933273	0.0221574344	0.03957968476	0.01677008217	0.03131660928	0.01732875593	0.02505346777	0.02227636617	0.03187988482	0.02147131292	0.02353575278	0.02594529364	0.05052860697	0.04429100707	0.04098820887	0.05200184077	0.05113962842	0.04796332217	0.05164003364	0.05860053704	0.05832662912	0.006952894142	0.009421762424	0.01298076923	0.0163064833	0.01173020528	0.01378676471	0.03005686434	0.03250738804	0.02866356145	0.02554470323	0.02402287893	0.02225755167	0.02243744956	0.03075630252	0.02398411244	0.02472277768	0.02180006229	0.01823647295	0.01851122489	0.01449593675	0.02042160738	0.008786752281	0.01106639839	0.006725595696	0.01006711409	0.006915629322	0	0.02993236437	0.02696793003	0.01559251559	0.01555555556	0.01181726474	0.01329745132	0.01202103681	0.01086251621	0.01289205311	0.01133144476	0.00815876516	0.01630148992	0.01065246338	0.005048616305	0.009764846552	0.009036144578	0.007981553742	0.006197654941
nitrogen_respiration	0	0	0.004179538434	0.005043341214	0	0.00158061117	0	0	0	0.003431570448	0.01328344247	0.00879814077	0	0	0	0	0	0	0.0007626310772	0.008483252889	0.02080187888	0.02354014599	0.002985074627	0	0.01002049647	0	0	0.001509307396	0.01442859485	0	0.01283226398	0.009223807866	0.0129576306	0	0.00646784046	0	0.007929104478	0.00505220613	0	0.01779414021	0.01015131201	0.009698465879	0.01345668629	0.008529458221	0.009385894342	0	0.00591169407	0	0.002161100196	0.002541544477	0.003308823529	0	0.002500568311	0.004299534217	0.01367392938	0.004385128694	0.008479067303	0.01033091203	0.009243697479	0.007943782463	0.01217960371	0.008097165992	0.009619238477	0.0153603781	0.005271249725	0.01498682477	0.007265968233	0.01089872569	0.004996156802	0.00755033557	0.004303058245	0	0.01597352137	0.01151603499	0.009652509653	0.00619047619	0.004179276553	0.006490422669	0.004695717506	0.005188067445	0.005964979796	0.00899850025	0.003087100331	0.01577563541	0.008322237017	0.003739715782	0.005978477481	0.007362784471	0.005853139411	0.003852596315
fumarate_respiration	0	0	0	0	0	0	0	0	0	0	0	0	0	0	0	0	0	0	0	0	0	0	0	0	0	0	0	0	0	0	0	0	0	0	0	0	0	0	0	0	0	0	0	0	0	0	0	0	0	0	0	0	0	0	0	0	0	0	0	0	0	0	0	0	0	0	0	0	0	0	0	0	0	0	0	0	0	0	0	0	0	0	0	0	0	0	0	0	0	0
intracellular_parasites	0	0	0	0	0	0	0	0	0	0	0	0	0	0	0	0	0	0	0	0	0.001342056702	0	0	0	0.0006832156684	0	0	0	0	0	0	0	0	0	0.00071864894	0.0004022526146	0	0	0	0	0	0	0	0	0	0	0	0	0.0003929273084	0	0.0001838235294	0	0.0002273243919	0	0	0	0	0	0	0	0	0	0	0	0.0004392708105	0	0	0.0001676727029	0	0	0.0003073613032	0.0005050505051	0.0001439055979	0	0	0	0	0	0	0.0001621271077	0	0	0	0.005433829974	0.0001664447403	0	0	0.001506024096	0	0
chlorate_reducers	0	0	0	0	0	0	0	0	0	0	0	0	0	0	0	0	0	0	0	0	0	0	0	0	0	0	0	0	0	0	0	0	0	0	0	0	0	0	0	0	0	0	0	0	0	0	0	0	0	0	0	0	0	0	0	0	0	0	0	0	0	0	0	0	0	0	0	0	0	0	0	0	0	0	0	0	0	0	0	0	0	0	0	0	0	0	0	0	0	0
predatory_or_exoparasitic	0.04569455727	0.02848876029	0.03743412684	0.01449960599	0.02155016298	0.02423603793	0.01981150221	0.04609356995	0.01795088908	0.0149374243	0.02544434051	0.01975431607	0.0116217644	0.02509483513	0.01640950282	0.02364574377	0.02803738318	0.01583333333	0.02955195424	0.03554190434	0.04445562825	0.04854014599	0.03563432836	0.04839298758	0.02527897973	0.04178814383	0.05113835377	0.01895019286	0.009673717003	0.02795487984	0.01298502903	0.0261051166	0.02344714109	0.03572685674	0.01724757456	0.02011263073	0.02938432836	0.02947120243	0.04061388733	0.02300966406	0.02432484198	0.02063128196	0.006391925988	0.02179750434	0.02131938858	0.008691117678	0.01219286902	0.01322115385	0.01296660118	0.01603128055	0.01268382353	0.02274573517	0.02477835872	0.01845216768	0.01157024793	0.01277407054	0.01536830949	0.01226795803	0.01478991597	0.01787351054	0.008180330849	0.01308003737	0.01803607214	0	0.003514166484	0.002635046113	0.003717472119	0.007377598927	0.001729438893	0.001398210291	0.008452435838	0.007575757576	0.01036120305	0.00889212828	0.006682506683	0.00746031746	0.007493875198	0.01108120943	0.006010518407	0.01183527886	0.01135270348	0.006498916847	0.002205071665	0.006310254163	0.00466045273	0.003739715782	0.007772020725	0.00702811245	0.004079460802	0.00770519263
chloroplasts	0	0	0	0	0	0	0	0	0	0	0	0	0	0	0	0	0	0	0	0	0	0	0	0	0	0	0	0	0	0	0	0	0	0	0	0	0	0	0	0	0	0	0	0	0	0	0	0	0	0	0	0	0	0	0	0	0	0	0	0	0	0	0	0	0	0	0	0	0	0	0	0	0	0	0	0	0	0	0	0	0	0	0	0	0	0	0	0	0	0
nonphotosynthetic_cyanobacteria	0	0.0002225684398	0	0	0	0	0	0	0	0.0004037141704	0	0	0	0	0	0.001074806535	0.001437814522	0	0	0	0.0008387854387	0	0	0	0	0	0	0	0	0	0	0	0	0	0	0	0	0.000505220613	0	0.000766988802	0.001149205133	0	0.001009251472	0	0	0.001738223536	0.0007389617587	0.004567307692	0.001571709234	0.002346041056	0.002389705882	0.0006092607636	0	0	0.002103681443	0.001525262154	0.003003003003	0.001291364003	0.001008403361	0	0.00199963643	0.003114294612	0.001402805611	0.001378495471	0.002415989458	0.002140974967	0.002534640081	0.003856472166	0	0.001118568233	0.004149377593	0.004208754209	0.0008634335876	0.0004373177843	0.0007425007425	0.001587301587	0.001441129846	0.003640968814	0	0.005350194553	0.002693861843	0.00616563906	0	0.006310254163	0.003162450067	0.0001869857891	0.004184934237	0.003012048193	0.0007094714438	0.007370184255
photosynthetic_cyanobacteria	0	0	0	0	0	0	0	0	0	0	0	0	0.000528262018	0	0	0	0	0.0004166666667	0	0	0	0	0	0	0	0	0	0	0	0	0	0	0	0	0	0	0.001088308458	0.000842034355	0.0003743215422	0	0	0	0.0001682085786	0	0.001474926254	0	0.000554221319	0	0	0	0	0	0	0.003045503404	0	0	0	0	0	0	0	0.0003114294612	0	0	0	0	0.0001689760054	0	0	0	0	0	0	0	0	0.0001587301587	0.001008790892	0	0	0.000486381323	0.0001924187031	0	0	0	0	0	0	0	0	0
anoxygenic_photoautotrophy_H2_oxidizing	0	0	0	0	0	0	0	0	0	0	0	0	0	0	0	0	0	0	0	0	0	0	0	0	0	0	0	0	0	0	0	0	0	0	0	0	0	0	0	0	0	0	0	0	0	0	0	0	0	0	0	0	0	0	0	0	0	0	0	0	0	0	0	0	0	0	0	0	0	0	0	0	0	0	0	0	0	0	0	0	0	0	0	0	0	0	0	0	0	0
anoxygenic_photoautotrophy_S_oxidizing	0	0	0.004179538434	0.005043341214	0	0	0	0	0	0.003431570448	0.01328344247	0.00879814077	0	0	0	0	0	0	0	0.008483252889	0.02080187888	0.02354014599	0.002985074627	0	0.01002049647	0	0	0	0.01442859485	0	0.01283226398	0.009223807866	0.0129576306	0	0.00646784046	0	0.007929104478	0.00505220613	0	0.01579996932	0.01015131201	0.009698465879	0.01345668629	0.008529458221	0.009385894342	0	0.00591169407	0	0.002161100196	0.001955034213	0.003308823529	0	0.002500568311	0.003403797922	0.01367392938	0.004385128694	0.0054760643	0.01033091203	0.008067226891	0.007943782463	0.01217960371	0.007162877608	0.009619238477	0.01378495471	0.004173072699	0.01350461133	0.007265968233	0.006539235412	0.004035357417	0.00755033557	0.001383125864	0	0.01482227659	0.01151603499	0.008167508168	0.003968253968	0.003314598645	0.005223998734	0.004695717506	0.003566796368	0.005964979796	0.006498916847	0.003087100331	0.006836108677	0.005326231691	0.003739715782	0.003786369071	0.005856760375	0.005853139411	0.002345058626
anoxygenic_photoautotrophy_Fe_oxidizing	0	0	0	0	0	0	0	0	0	0	0	0	0	0	0	0	0	0	0	0	0	0	0	0	0	0	0	0	0	0	0	0	0	0	0	0	0	0	0	0	0	0	0	0	0	0	0	0	0	0	0	0	0	0	0	0	0	0	0	0	0	0	0	0	0	0	0	0	0	0	0	0	0	0	0	0	0	0	0	0	0	0	0	0	0	0	0	0	0	0
anoxygenic_photoautotrophy	0	0	0.004179538434	0.005043341214	0	0	0	0	0	0.003431570448	0.01328344247	0.00879814077	0	0	0	0	0	0	0	0.008483252889	0.02080187888	0.02354014599	0.002985074627	0	0.01002049647	0	0	0	0.01442859485	0	0.01283226398	0.009223807866	0.0129576306	0	0.00646784046	0	0.007929104478	0.00505220613	0	0.01579996932	0.01015131201	0.009698465879	0.01345668629	0.008529458221	0.009385894342	0	0.00591169407	0	0.002161100196	0.001955034213	0.003308823529	0	0.002500568311	0.003403797922	0.01367392938	0.004385128694	0.0054760643	0.01033091203	0.008067226891	0.007943782463	0.01217960371	0.007162877608	0.009619238477	0.01378495471	0.004173072699	0.01350461133	0.007265968233	0.006539235412	0.004035357417	0.00755033557	0.001383125864	0	0.01482227659	0.01151603499	0.008167508168	0.003968253968	0.003314598645	0.005223998734	0.004695717506	0.003566796368	0.005964979796	0.006498916847	0.003087100331	0.006836108677	0.005326231691	0.003739715782	0.003786369071	0.005856760375	0.005853139411	0.002345058626
oxygenic_photoautotrophy	0	0	0	0	0	0	0	0	0	0	0	0	0.000528262018	0	0	0	0	0.0004166666667	0	0	0	0	0	0	0	0	0	0	0	0	0	0	0	0	0	0	0.001088308458	0.000842034355	0.0003743215422	0	0	0	0.0001682085786	0	0.001474926254	0	0.000554221319	0	0	0	0	0	0	0.003045503404	0	0	0	0	0	0	0	0.0003114294612	0	0	0	0	0.0001689760054	0	0	0	0	0	0	0	0	0.0001587301587	0.001008790892	0	0	0.000486381323	0.0001924187031	0	0	0	0	0	0	0	0	0
photoautotrophy	0	0	0.004179538434	0.005043341214	0	0	0	0	0	0.003431570448	0.01328344247	0.00879814077	0.000528262018	0	0	0	0	0.0004166666667	0	0.008483252889	0.02080187888	0.02354014599	0.002985074627	0	0.01002049647	0	0	0	0.01442859485	0	0.01283226398	0.009223807866	0.0129576306	0	0.00646784046	0	0.009017412935	0.005894240485	0.0003743215422	0.01579996932	0.01015131201	0.009698465879	0.01362489487	0.008529458221	0.0108608206	0	0.006465915389	0	0.002161100196	0.001955034213	0.003308823529	0	0.002500568311	0.006449301326	0.01367392938	0.004385128694	0.0054760643	0.01033091203	0.008067226891	0.007943782463	0.01217960371	0.007474307069	0.009619238477	0.01378495471	0.004173072699	0.01350461133	0.007434944238	0.006539235412	0.004035357417	0.00755033557	0.001383125864	0	0.01482227659	0.01151603499	0.008167508168	0.004126984127	0.004323389537	0.005223998734	0.004695717506	0.004053177691	0.006157398499	0.006498916847	0.003087100331	0.006836108677	0.005326231691	0.003739715782	0.003786369071	0.005856760375	0.005853139411	0.002345058626
aerobic_anoxygenic_phototrophy	0	0	0	0	0	0	0	0	0	0	0	0	0	0	0	0	0	0	0	0	0	0	0	0	0	0	0	0	0	0	0	0	0	0	0	0	0	0	0	0	0	0	0	0	0	0	0	0	0	0	0	0	0	0	0	0	0	0	0	0	0	0	0	0	0	0	0	0	0	0	0	0	0	0	0	0	0	0	0	0	0	0	0	0	0	0	0	0	0	0
photoheterotrophy	0	0	0.005088133745	0.005043341214	0	0	0	0	0.0003386960203	0.003431570448	0.01328344247	0.00879814077	0.005018489171	0.003793405311	0.005388194955	0	0	0	0	0.008483252889	0.02080187888	0.02354014599	0.006156716418	0.005113221329	0.01411979048	0	0	0.001509307396	0.01442859485	0	0.0174152154	0.01322659241	0.0129576306	0	0.00646784046	0.002413515688	0.01881218905	0.01734590771	0.01459854015	0.01978831109	0.01991955564	0.02609769	0.03263246426	0.0110567051	0.02225797801	0	0.008498060225	0.003125	0.007858546169	0.007820136852	0.007352941176	0.004264825345	0.01204819277	0.007345037621	0.02133734035	0.012392755	0.01536830949	0.01694915254	0.01714285714	0.01390161931	0.02145064534	0.01463718468	0.01643286573	0.0169358015	0.01054249945	0.01548089592	0.01132139236	0.00871898055	0.004035357417	0.014401566	0.005225142155	0.005218855219	0.02719815801	0.0221574344	0.02138402138	0.01158730159	0.01815823606	0.01614690518	0.02761081893	0.01799610895	0.01981912642	0.01433094484	0.01543550165	0.01384750219	0.01414780293	0.0119670905	0.01813471503	0.01154618474	0.01738205037	0.01055276382
phototrophy	0	0	0.005088133745	0.005043341214	0	0	0	0	0.0003386960203	0.003431570448	0.01328344247	0.00879814077	0.005546751189	0.003793405311	0.005388194955	0	0	0.0004166666667	0	0.008483252889	0.02080187888	0.02354014599	0.006156716418	0.005113221329	0.01411979048	0	0	0.001509307396	0.01442859485	0	0.0174152154	0.01322659241	0.0129576306	0	0.00646784046	0.002413515688	0.01990049751	0.01818794207	0.01497286169	0.01978831109	0.01991955564	0.02609769	0.03280067283	0.0110567051	0.02373290426	0	0.009052281544	0.003125	0.007858546169	0.007820136852	0.007352941176	0.004264825345	0.01204819277	0.01039054102	0.02133734035	0.012392755	0.01536830949	0.01694915254	0.01714285714	0.01390161931	0.02145064534	0.01494861414	0.01643286573	0.0169358015	0.01054249945	0.01548089592	0.01149036837	0.00871898055	0.004035357417	0.014401566	0.005225142155	0.005218855219	0.02719815801	0.0221574344	0.02138402138	0.01174603175	0.01916702695	0.01614690518	0.02761081893	0.01848249027	0.02001154512	0.01433094484	0.01543550165	0.01384750219	0.01414780293	0.0119670905	0.01813471503	0.01154618474	0.01738205037	0.01055276382
plastic_degradation	0	0	0	0	0	0	0	0	0	0	0	0	0	0	0	0	0	0	0	0	0	0	0	0	0	0	0	0	0	0	0	0	0	0	0	0	0	0	0	0	0	0	0	0	0	0	0	0	0	0	0	0	0	0	0	0	0	0	0	0	0	0	0	0	0	0	0	0	0	0	0	0	0	0	0	0	0	0	0	0	0	0	0	0	0	0	0	0	0	0
ureolysis	0.0268074736	0.02314711774	0.02071597311	0.008825847124	0.005432814198	0.01036178433	0	0.01060152109	0.01439458086	0.004238998789	0.008044901777	0.01875830013	0	0.009629413481	0	0.004729148753	0.005990893841	0.009166666667	0.01849380362	0.002486470674	0.008220097299	0.01277372263	0.01436567164	0	0.02163516283	0.02837706511	0	0.02515512326	0.006230529595	0.02386790911	0.01863733578	0.003306648103	0.009049773756	0	0.00826446281	0.0136765889	0.008550995025	0	0	0.001994170885	0.009193641065	0.004937400811	0	0.00252724688	0.004290694556	0.04102207544	0.04285978201	0.03245192308	0.03438113949	0.0303030303	0.03639705882	0.01096669374	0.0140941123	0.01594410606	0.005108940646	0.004766444233	0.008125772832	0.01646489104	0.01495798319	0.01329055912	0.008907471369	0.02071005917	0.008416833667	0.009649468295	0.01910828025	0.01465744401	0.03109158499	0.01358148893	0.01748654881	0.01020693512	0.02551098817	0.01616161616	0.008202619082	0.02172011662	0.003861003861	0.01222222222	0.02680501513	0.01044799747	0.01972201352	0.01945525292	0.004618048874	0.02082986169	0.02491730981	0.008063102542	0.02629826897	0.02543006731	0.02510960542	0.03564257028	0.02092940759	0.03232830821
reductive_acetogenesis	0	0	0	0	0	0	0	0	0	0	0	0	0	0	0	0	0	0	0	0	0	0	0	0	0	0	0	0	0	0	0	0	0	0	0	0	0	0	0	0	0	0	0	0	0	0	0	0	0	0	0	0	0	0	0	0	0	0	0	0	0	0	0	0	0	0	0	0	0	0	0	0	0	0	0	0	0	0	0	0	0	0	0	0	0	0	0	0	0	0
chemoheterotrophy	0.2469536962	0.2049855331	0.1666363802	0.1205673759	0.1106483158	0.1078328065	0.1177149452	0.1933625259	0.117188823	0.1049656843	0.1975678204	0.1839309429	0.1838351823	0.1759556463	0.24761205	0.2125967326	0.2765396597	0.1966666667	0.2139180172	0.1567939155	0.1229659453	0.1976277372	0.3208955224	0.3064280497	0.2309268959	0.2678328474	0.2504378284	0.2071105148	0.2159370389	0.2156285761	0.2453406661	0.1900452489	0.2237762238	0.168250616	0.2112827884	0.2133950121	0.2411380597	0.2579993264	0.2736290474	0.1791685841	0.2702547405	0.2098395345	0.1978132885	0.1957036803	0.2170823277	0.2810707457	0.2429336782	0.2997596154	0.2730844794	0.2782013685	0.2511029412	0.2073517465	0.2480109116	0.2058402006	0.2862509391	0.3105815062	0.2897014662	0.3242937853	0.3210084034	0.3376107547	0.3024904563	0.3209280598	0.3038076152	0.2959826703	0.2833296727	0.2819499341	0.2892869213	0.3187458082	0.2697924673	0.2386744966	0.2801598279	0.3154882155	0.2922722694	0.3253644315	0.337986338	0.3298412698	0.317336792	0.3275288903	0.324567994	0.3203631647	0.3257648643	0.2784535911	0.2683572216	0.2878177038	0.2861185087	0.2485041137	0.308489438	0.2642235609	0.2495565803	0.2956448911
